﻿dev_id,name,total,left,left_avg,year,month,day,latitude,longitude,hospitals_count,libraries_count,gyms_count,restaurants_count,malls_count,postcode,suburb,Lockdown_stage,pred
014d9b,smart node 7,104.0,211.0,11.2,2021.0,Dec,6.0,-38.1469338,144.3711246,17,4,6,20,16,3220,Geelong,Open,2.0
014d9e,Botanical Gardens - conservatory entrance,0.0,0.0,0.0,2021.0,Dec,6.0,-38.1494367,144.3774611,16,0,2,20,3,3219,East Geelong,Open,0.0
014da2,Rippleside Park,18.0,35.0,16.7,2021.0,Dec,6.0,-38.11494912,144.6725659,0,0,0,1,0,3223,Geelong CBD,Open,0.0
014dbe,St Albans reserve rotunda,1.0,0.0,0.0,2021.0,Dec,6.0,-38.1861465,144.3938752,2,0,1,1,0,3219,St Albans Park,Open,0.0
014ddd,smart node 6,0.0,0.0,0.0,2021.0,Dec,6.0,-38.1467049,144.3683997,18,5,10,20,18,3220,Geelong,Open,0.0
hawk-013a51,Myer South side,81.0,172.0,14.2,2021.0,Dec,6.0,-38.14762,144.3622749,19,7,12,20,20,3218,Geelong,Open,0.0
meraki-e0-cb-bc-35-b1-39,Waterfront - Steampacket,31.2,67.6,6.2,2021.0,Dec,6.0,-38.143849,144.362906,19,7,17,20,19,3220,Geelong,Open,0.0
014d9b,smart node 7,114.0,209.0,10.2,2021.0,Dec,6.0,-38.1469338,144.3711246,17,4,6,20,16,3220,Geelong,Open,2.0
014d9e,Botanical Gardens - conservatory entrance,0.0,0.0,0.0,2021.0,Dec,6.0,-38.1494367,144.3774611,16,0,2,20,3,3219,East Geelong,Open,0.0
014da2,Rippleside Park,34.0,65.0,13.3,2021.0,Dec,6.0,-38.11494912,144.6725659,0,0,0,1,0,3223,Geelong CBD,Open,0.0
014db4,rippleside north end near gym,43.0,53.0,22.7,2021.0,Dec,6.0,-38.1274401,144.3549584,0,0,8,16,3,3215,Rippleside,Open,0.0
014dbe,St Albans reserve rotunda,0.0,0.0,0.0,2021.0,Dec,6.0,-38.1861465,144.3938752,2,0,1,1,0,3219,St Albans Park,Open,0.0
014ddd,smart node 6,0.0,0.0,0.0,2021.0,Dec,6.0,-38.1467049,144.3683997,18,5,10,20,18,3220,Geelong,Open,0.0
hawk-013a4f,City Hall,105.0,214.0,11.7,2021.0,Dec,6.0,-38.1474393,144.3576924,20,9,14,20,20,3218,Geelong CBD,Open,2.0
014d98,Barwon Valley Activity Centre - South Car Park entrance,87.0,152.0,13.7,2021.0,Dec,6.0,-38.1691458,144.3511856,0,3,20,20,2,3216,Belmont,Open,1.0
014dc6,Little Malop and James - CCTV/wifi cabinet,241.0,646.0,12.1,2021.0,Dec,6.0,-38.1479277,144.3588385,20,10,14,20,20,3218,Geelong,Open,2.0
014de9,"High Street , Belmont wifi/cctv cabinet",0.0,0.0,0.0,2021.0,Dec,6.0,-38.1746141,144.3430678,0,3,8,20,2,3216,Belmont,Open,0.0
hawk-013a1f,Botanical Gardens - Heritage gate,3.0,15.0,4.0,2021.0,Dec,6.0,-38.1493122,144.3770579,13,0,3,20,6,3219,East Geelong,Open,0.0
hawk-013a33,Ryrie/Moorabool Outside,33.0,71.0,12.3,2021.0,Dec,6.0,-38.1489155,144.3584489,19,10,19,20,20,3218,Geelong CBD,Open,0.0
014d98,Barwon Valley Activity Centre - South Car Park entrance,58.0,149.0,19.2,2021.0,Dec,6.0,-38.1691458,144.3511856,0,3,20,20,2,3216,Belmont,Open,2.0
014da2,Rippleside Park,19.0,25.0,11.3,2021.0,Dec,6.0,-38.11494912,144.6725659,0,0,0,1,0,3223,Geelong CBD,Open,0.0
014db4,rippleside north end near gym,38.0,42.0,15.5,2021.0,Dec,6.0,-38.1274401,144.3549584,0,0,8,16,3,3215,Rippleside,Open,0.0
014ddd,smart node 6,0.0,0.0,0.0,2021.0,Dec,6.0,-38.1467049,144.3683997,18,5,10,20,18,3220,Geelong,Open,0.0
hawk-013a4f,City Hall,58.0,160.0,20.3,2021.0,Dec,6.0,-38.1474393,144.3576924,20,9,14,20,20,3218,Geelong CBD,Open,2.0
hawk-013a51,Myer South side,80.0,57.0,24.5,2021.0,Dec,6.0,-38.14762,144.3622749,19,7,12,20,20,3218,Geelong,Open,2.0
014d98,Barwon Valley Activity Centre - South Car Park entrance,49.0,101.0,17.0,2021.0,Dec,6.0,-38.1691458,144.3511856,0,3,20,20,2,3216,Belmont,Open,2.0
014d9e,Botanical Gardens - conservatory entrance,0.0,0.0,0.0,2021.0,Dec,6.0,-38.1494367,144.3774611,16,0,2,20,3,3219,East Geelong,Open,0.0
014db4,rippleside north end near gym,113.0,103.0,11.0,2021.0,Dec,6.0,-38.1274401,144.3549584,0,0,8,16,3,3215,Rippleside,Open,2.0
014dbe,St Albans reserve rotunda,1.0,0.0,0.0,2021.0,Dec,6.0,-38.1861465,144.3938752,2,0,1,1,0,3219,St Albans Park,Open,0.0
014dc6,Little Malop and James - CCTV/wifi cabinet,124.0,220.0,12.3,2021.0,Dec,6.0,-38.1479277,144.3588385,20,10,14,20,20,3218,Geelong,Open,2.0
hawk-013a1f,Botanical Gardens - Heritage gate,3.0,4.0,4.2,2021.0,Dec,6.0,-38.1493122,144.3770579,13,0,3,20,6,3219,East Geelong,Open,0.0
hawk-013a33,Ryrie/Moorabool Outside,19.0,61.0,12.0,2021.0,Dec,6.0,-38.1489155,144.3584489,19,10,19,20,20,3218,Geelong CBD,Open,0.0
hawk-013a51,Myer South side,57.0,101.0,28.4,2021.0,Dec,6.0,-38.14762,144.3622749,19,7,12,20,20,3218,Geelong,Open,2.0
014d98,Barwon Valley Activity Centre - South Car Park entrance,117.0,308.0,12.2,2021.0,Dec,6.0,-38.1691458,144.3511856,0,3,20,20,2,3216,Belmont,Open,2.0
014da2,Rippleside Park,0.0,0.0,0.0,2021.0,Dec,6.0,-38.11494912,144.6725659,0,0,0,1,0,3223,Geelong CBD,Open,0.0
014db4,rippleside north end near gym,0.0,0.0,0.0,2021.0,Dec,6.0,-38.1274401,144.3549584,0,0,8,16,3,3215,Rippleside,Open,0.0
014ddd,smart node 6,0.0,0.0,0.0,2021.0,Dec,6.0,-38.1467049,144.3683997,18,5,10,20,18,3220,Geelong,Open,0.0
hawk-013a20,Busport Project office,14.0,38.0,7.9,2021.0,Dec,6.0,-38.1447631,144.3595969,20,9,17,20,20,3218,Geelong,Open,0.0
hawk-013a33,Ryrie/Moorabool Outside,26.0,69.0,14.1,2021.0,Dec,6.0,-38.1489155,144.3584489,19,10,19,20,20,3218,Geelong CBD,Open,0.0
meraki-e0-cb-bc-35-b1-1a,Eastern Beach,31.2,67.6,6.2,2021.0,Dec,6.0,-38.147308,144.373781,13,2,6,20,16,3220,Geelong,Open,0.0
meraki-e0-cb-bc-35-b1-39,Waterfront - Steampacket,31.2,67.6,6.2,2021.0,Dec,6.0,-38.143849,144.362906,19,7,17,20,19,3220,Geelong,Open,0.0
meraki-e0-cb-bc-35-bd-d3,City Hall,31.2,67.6,6.2,2021.0,Dec,6.0,-38.147158,144.358161,20,9,14,20,20,3218,Geelong,Open,0.0
014d9b,smart node 7,110.0,189.0,11.1,2021.0,Dec,6.0,-38.1469338,144.3711246,17,4,6,20,16,3220,Geelong,Open,2.0
014db4,rippleside north end near gym,120.0,287.0,13.0,2021.0,Dec,6.0,-38.1274401,144.3549584,0,0,8,16,3,3215,Rippleside,Open,2.0
014dc6,Little Malop and James - CCTV/wifi cabinet,124.0,285.0,15.5,2021.0,Dec,6.0,-38.1479277,144.3588385,20,10,14,20,20,3218,Geelong,Open,2.0
014de5,smart node 2,0.0,0.0,0.0,2021.0,Dec,6.0,-38.1430798,144.361831,20,8,13,20,20,3220,Cunningham Pier,Open,0.0
hawk-013a1f,Botanical Gardens - Heritage gate,5.0,21.0,7.5,2021.0,Dec,6.0,-38.1493122,144.3770579,13,0,3,20,6,3219,East Geelong,Open,0.0
hawk-013a20,Busport Project office,5.0,13.0,3.8,2021.0,Dec,6.0,-38.1447631,144.3595969,20,9,17,20,20,3218,Geelong,Open,0.0
hawk-013a21,155 Mercer Foyer,2.0,1.0,1.7,2021.0,Dec,6.0,-38.1458692,144.3581138,19,8,16,20,20,3218,Geelong,Open,0.0
hawk-013a51,Myer South side,43.0,72.0,18.3,2021.0,Dec,6.0,-38.14762,144.3622749,19,7,12,20,20,3218,Geelong,Open,2.0
014d98,Barwon Valley Activity Centre - South Car Park entrance,106.0,238.0,18.1,2021.0,Dec,6.0,-38.1691458,144.3511856,0,3,20,20,2,3216,Belmont,Open,2.0
014d9e,Botanical Gardens - conservatory entrance,0.0,0.0,0.0,2021.0,Dec,6.0,-38.1494367,144.3774611,16,0,2,20,3,3219,East Geelong,Open,0.0
hawk-013a1f,Botanical Gardens - Heritage gate,3.0,8.0,4.2,2021.0,Dec,6.0,-38.1493122,144.3770579,13,0,3,20,6,3219,East Geelong,Open,0.0
hawk-013a20,Busport Project office,8.0,15.0,3.3,2021.0,Dec,6.0,-38.1447631,144.3595969,20,9,17,20,20,3218,Geelong,Open,0.0
hawk-013a21,155 Mercer Foyer,1.0,1.0,0.8,2021.0,Dec,6.0,-38.1458692,144.3581138,19,8,16,20,20,3218,Geelong,Open,0.0
meraki-e0-cb-bc-35-b3-27,Malop Street,31.2,67.6,6.2,2021.0,Dec,6.0,-38.14768,144.361951,20,8,12,20,20,3218,Geelong,Open,0.0
meraki-e0-cb-bc-35-bb-14,Waterfront - Pier,31.2,67.6,6.2,2021.0,Dec,6.0,-38.143364,144.361926,20,8,13,20,20,3220,Cunningham Pier,Open,0.0
meraki-e0-cb-bc-35-ae-29,Lt Malop West,31.2,67.6,6.2,2021.0,Dec,6.0,-38.147929,144.358854,19,10,14,20,20,3218,Geelong,Open,0.0
meraki-e0-cb-bc-35-b1-1a,Eastern Beach,31.2,67.6,6.2,2021.0,Dec,6.0,-38.147308,144.373781,13,2,6,20,16,3220,Geelong,Open,0.0
meraki-e0-cb-bc-35-b3-27,Malop Street,31.2,67.6,6.2,2021.0,Dec,6.0,-38.14768,144.361951,20,8,12,20,20,3218,Geelong,Open,0.0
meraki-e0-cb-bc-35-bb-14,Waterfront - Pier,31.2,67.6,6.2,2021.0,Dec,6.0,-38.143364,144.361926,20,8,13,20,20,3220,Cunningham Pier,Open,0.0
meraki-e0-cb-bc-35-bd-d3,City Hall,31.2,67.6,6.2,2021.0,Dec,6.0,-38.147158,144.358161,20,9,14,20,20,3218,Geelong,Open,0.0
014db4,rippleside north end near gym,79.0,109.0,10.7,2021.0,Dec,6.0,-38.1274401,144.3549584,0,0,8,16,3,3215,Rippleside,Open,2.0
014de5,smart node 2,0.0,0.0,0.0,2021.0,Dec,6.0,-38.1430798,144.361831,20,8,13,20,20,3220,Cunningham Pier,Open,0.0
hawk-013a1f,Botanical Gardens - Heritage gate,12.0,17.0,7.2,2021.0,Dec,6.0,-38.1493122,144.3770579,13,0,3,20,6,3219,East Geelong,Open,0.0
hawk-013a21,155 Mercer Foyer,3.0,2.0,1.0,2021.0,Dec,6.0,-38.1458692,144.3581138,19,8,16,20,20,3218,Geelong,Open,0.0
hawk-013a33,Ryrie/Moorabool Outside,38.0,58.0,11.4,2021.0,Dec,6.0,-38.1489155,144.3584489,19,10,19,20,20,3218,Geelong CBD,Open,0.0
014d9b,smart node 7,118.0,325.0,9.6,2021.0,Dec,6.0,-38.1469338,144.3711246,17,4,6,20,16,3220,Geelong,Open,2.0
014d9e,Botanical Gardens - conservatory entrance,0.0,0.0,0.0,2021.0,Dec,6.0,-38.1494367,144.3774611,16,0,2,20,3,3219,East Geelong,Open,0.0
014db4,rippleside north end near gym,62.0,96.0,12.5,2021.0,Dec,6.0,-38.1274401,144.3549584,0,0,8,16,3,3215,Rippleside,Open,2.0
014dbe,St Albans reserve rotunda,0.0,0.0,0.0,2021.0,Dec,6.0,-38.1861465,144.3938752,2,0,1,1,0,3219,St Albans Park,Open,0.0
hawk-013a21,155 Mercer Foyer,2.0,10.0,3.8,2021.0,Dec,6.0,-38.1458692,144.3581138,19,8,16,20,20,3218,Geelong,Open,0.0
hawk-013a4f,City Hall,133.0,252.0,13.9,2021.0,Dec,6.0,-38.1474393,144.3576924,20,9,14,20,20,3218,Geelong CBD,Open,2.0
hawk-013a51,Myer South side,77.0,55.0,18.8,2021.0,Dec,6.0,-38.14762,144.3622749,19,7,12,20,20,3218,Geelong,Open,2.0
014ddb,st helens south end playground,83.0,160.0,10.8,2021.0,Dec,6.0,-38.1220226,144.3591414,0,0,6,12,0,3215,Rippleside,Open,2.0
014de5,smart node 2,0.0,0.0,0.0,2021.0,Dec,6.0,-38.1430798,144.361831,20,8,13,20,20,3220,Cunningham Pier,Open,0.0
014de9,"High Street , Belmont wifi/cctv cabinet",0.0,0.0,0.0,2021.0,Dec,6.0,-38.1746141,144.3430678,0,3,8,20,2,3216,Belmont,Open,0.0
hawk-013a1f,Botanical Gardens - Heritage gate,9.0,8.0,2.5,2021.0,Dec,6.0,-38.1493122,144.3770579,13,0,3,20,6,3219,East Geelong,Open,0.0
hawk-013a33,Ryrie/Moorabool Outside,41.0,109.0,10.8,2021.0,Dec,6.0,-38.1489155,144.3584489,19,10,19,20,20,3218,Geelong CBD,Open,2.0
hawk-013a51,Myer South side,100.0,142.0,22.7,2021.0,Dec,6.0,-38.14762,144.3622749,19,7,12,20,20,3218,Geelong,Open,2.0
014d9b,smart node 7,90.0,170.0,18.5,2021.0,Dec,6.0,-38.1469338,144.3711246,17,4,6,20,16,3220,Geelong,Open,2.0
014ddb,st helens south end playground,56.0,150.0,15.9,2021.0,Dec,6.0,-38.1220226,144.3591414,0,0,6,12,0,3215,Rippleside,Open,2.0
hawk-013a1f,Botanical Gardens - Heritage gate,1.0,4.0,2.5,2021.0,Dec,6.0,-38.1493122,144.3770579,13,0,3,20,6,3219,East Geelong,Open,0.0
hawk-013a20,Busport Project office,8.0,4.0,3.0,2021.0,Dec,6.0,-38.1447631,144.3595969,20,9,17,20,20,3218,Geelong,Open,0.0
hawk-013a21,155 Mercer Foyer,2.0,1.0,0.8,2021.0,Dec,6.0,-38.1458692,144.3581138,19,8,16,20,20,3218,Geelong,Open,0.0
014d9b,smart node 7,76.0,180.0,13.8,2021.0,Dec,6.0,-38.1469338,144.3711246,17,4,6,20,16,3220,Geelong,Open,2.0
014ddb,st helens south end playground,50.0,116.0,14.8,2021.0,Dec,6.0,-38.1220226,144.3591414,0,0,6,12,0,3215,Rippleside,Open,2.0
014de5,smart node 2,0.0,0.0,0.0,2021.0,Dec,6.0,-38.1430798,144.361831,20,8,13,20,20,3220,Cunningham Pier,Open,0.0
hawk-013a20,Busport Project office,15.0,33.0,4.2,2021.0,Dec,6.0,-38.1447631,144.3595969,20,9,17,20,20,3218,Geelong,Open,0.0
hawk-013a21,155 Mercer Foyer,2.0,1.0,1.0,2021.0,Dec,6.0,-38.1458692,144.3581138,19,8,16,20,20,3218,Geelong,Open,0.0
014d9e,Botanical Gardens - conservatory entrance,0.0,0.0,0.0,2021.0,Dec,6.0,-38.1494367,144.3774611,16,0,2,20,3,3219,East Geelong,Open,0.0
014dbe,St Albans reserve rotunda,3.0,3.0,5.0,2021.0,Dec,6.0,-38.1861465,144.3938752,2,0,1,1,0,3219,St Albans Park,Open,0.0
hawk-013a4f,City Hall,94.0,185.0,13.7,2021.0,Dec,6.0,-38.1474393,144.3576924,20,9,14,20,20,3218,Geelong CBD,Open,2.0
hawk-013a51,Myer South side,55.0,110.0,21.7,2021.0,Dec,6.0,-38.14762,144.3622749,19,7,12,20,20,3218,Geelong,Open,0.0
meraki-e0-cb-bc-35-ae-29,Lt Malop West,31.2,67.6,6.2,2021.0,Dec,6.0,-38.147929,144.358854,19,10,14,20,20,3218,Geelong,Open,0.0
meraki-e0-cb-bc-35-b3-27,Malop Street,31.2,67.6,6.2,2021.0,Dec,6.0,-38.14768,144.361951,20,8,12,20,20,3218,Geelong,Open,0.0
meraki-e0-cb-bc-35-bb-14,Waterfront - Pier,31.2,67.6,6.2,2021.0,Dec,6.0,-38.143364,144.361926,20,8,13,20,20,3220,Cunningham Pier,Open,0.0
meraki-e0-cb-bc-35-be-84,Lt Malop Central,31.2,67.6,6.2,2021.0,Dec,6.0,-38.148573,144.361279,19,9,14,20,20,3218,Geelong CBD,Open,0.0
014d9e,Botanical Gardens - conservatory entrance,0.0,0.0,0.0,2021.0,Dec,6.0,-38.1494367,144.3774611,16,0,2,20,3,3219,East Geelong,Open,0.0
014de9,"High Street , Belmont wifi/cctv cabinet",158.0,300.0,11.0,2021.0,Dec,6.0,-38.1746141,144.3430678,0,3,8,20,2,3216,Belmont,Open,2.0
hawk-013a4f,City Hall,109.0,249.0,12.7,2021.0,Dec,6.0,-38.1474393,144.3576924,20,9,14,20,20,3218,Geelong CBD,Open,2.0
014d9b,smart node 7,130.0,208.0,12.7,2021.0,Dec,6.0,-38.1469338,144.3711246,17,4,6,20,16,3220,Geelong,Open,2.0
014dbe,St Albans reserve rotunda,2.0,0.0,0.0,2021.0,Dec,6.0,-38.1861465,144.3938752,2,0,1,1,0,3219,St Albans Park,Open,0.0
014dc6,Little Malop and James - CCTV/wifi cabinet,194.0,352.0,17.4,2021.0,Dec,6.0,-38.1479277,144.3588385,20,10,14,20,20,3218,Geelong,Open,2.0
014ddd,smart node 6,0.0,0.0,0.0,2021.0,Dec,6.0,-38.1467049,144.3683997,18,5,10,20,18,3220,Geelong,Open,0.0
014de9,"High Street , Belmont wifi/cctv cabinet",115.0,275.0,19.0,2021.0,Dec,6.0,-38.1746141,144.3430678,0,3,8,20,2,3216,Belmont,Open,2.0
hawk-013a4f,City Hall,71.0,175.0,12.8,2021.0,Dec,6.0,-38.1474393,144.3576924,20,9,14,20,20,3218,Geelong CBD,Open,2.0
hawk-013a51,Myer South side,23.0,22.0,14.9,2021.0,Dec,6.0,-38.14762,144.3622749,19,7,12,20,20,3218,Geelong,Open,0.0
meraki-e0-cb-bc-35-b1-1a,Eastern Beach,31.2,67.6,6.2,2021.0,Dec,6.0,-38.147308,144.373781,13,2,6,20,16,3220,Geelong,Open,0.0
meraki-e0-cb-bc-35-bd-d3,City Hall,31.2,67.6,6.2,2021.0,Dec,6.0,-38.147158,144.358161,20,9,14,20,20,3218,Geelong,Open,0.0
meraki-e0-cb-bc-35-be-84,Lt Malop Central,31.2,67.6,6.2,2021.0,Dec,6.0,-38.148573,144.361279,19,9,14,20,20,3218,Geelong CBD,Open,0.0
014d98,Barwon Valley Activity Centre - South Car Park entrance,73.0,149.0,26.6,2021.0,Dec,6.0,-38.1691458,144.3511856,0,3,20,20,2,3216,Belmont,Open,2.0
014d9b,smart node 7,167.0,356.0,11.7,2021.0,Dec,6.0,-38.1469338,144.3711246,17,4,6,20,16,3220,Geelong,Open,2.0
014d9e,Botanical Gardens - conservatory entrance,0.0,0.0,0.0,2021.0,Dec,6.0,-38.1494367,144.3774611,16,0,2,20,3,3219,East Geelong,Open,0.0
014ddb,st helens south end playground,44.0,72.0,7.3,2021.0,Dec,6.0,-38.1220226,144.3591414,0,0,6,12,0,3215,Rippleside,Open,0.0
014ddd,smart node 6,0.0,0.0,0.0,2021.0,Dec,6.0,-38.1467049,144.3683997,18,5,10,20,18,3220,Geelong,Open,0.0
014de5,smart node 2,0.0,0.0,0.0,2021.0,Dec,6.0,-38.1430798,144.361831,20,8,13,20,20,3220,Cunningham Pier,Open,0.0
014de9,"High Street , Belmont wifi/cctv cabinet",98.0,192.0,15.5,2021.0,Dec,6.0,-38.1746141,144.3430678,0,3,8,20,2,3216,Belmont,Open,2.0
hawk-013a1f,Botanical Gardens - Heritage gate,0.0,0.0,0.0,2021.0,Dec,6.0,-38.1493122,144.3770579,13,0,3,20,6,3219,East Geelong,Open,0.0
hawk-013a33,Ryrie/Moorabool Outside,22.0,42.0,12.0,2021.0,Dec,6.0,-38.1489155,144.3584489,19,10,19,20,20,3218,Geelong CBD,Open,0.0
hawk-013a51,Myer South side,11.0,7.0,11.0,2021.0,Dec,6.0,-38.14762,144.3622749,19,7,12,20,20,3218,Geelong,Open,0.0
meraki-e0-cb-bc-35-b1-39,Waterfront - Steampacket,31.2,67.6,6.2,2021.0,Dec,6.0,-38.143849,144.362906,19,7,17,20,19,3220,Geelong,Open,0.0
meraki-e0-cb-bc-35-bd-d3,City Hall,31.2,67.6,6.2,2021.0,Dec,6.0,-38.147158,144.358161,20,9,14,20,20,3218,Geelong,Open,0.0
meraki-e0-cb-bc-35-be-84,Lt Malop Central,31.2,67.6,6.2,2021.0,Dec,6.0,-38.148573,144.361279,19,9,14,20,20,3218,Geelong CBD,Open,0.0
014dbe,St Albans reserve rotunda,1.0,5.0,10.0,2021.0,Dec,6.0,-38.1861465,144.3938752,2,0,1,1,0,3219,St Albans Park,Open,2.0
014dc6,Little Malop and James - CCTV/wifi cabinet,128.0,233.0,11.0,2021.0,Dec,6.0,-38.1479277,144.3588385,20,10,14,20,20,3218,Geelong,Open,2.0
014de9,"High Street , Belmont wifi/cctv cabinet",67.0,149.0,17.0,2021.0,Dec,6.0,-38.1746141,144.3430678,0,3,8,20,2,3216,Belmont,Open,2.0
hawk-013a1f,Botanical Gardens - Heritage gate,0.0,0.0,0.0,2021.0,Dec,6.0,-38.1493122,144.3770579,13,0,3,20,6,3219,East Geelong,Open,0.0
hawk-013a51,Myer South side,6.0,5.0,13.1,2021.0,Dec,6.0,-38.14762,144.3622749,19,7,12,20,20,3218,Geelong,Open,0.0
meraki-e0-cb-bc-35-b1-39,Waterfront - Steampacket,31.2,67.6,6.2,2021.0,Dec,6.0,-38.143849,144.362906,19,7,17,20,19,3220,Geelong,Open,0.0
meraki-e0-cb-bc-35-bd-d3,City Hall,31.2,67.6,6.2,2021.0,Dec,6.0,-38.147158,144.358161,20,9,14,20,20,3218,Geelong,Open,0.0
014d98,Barwon Valley Activity Centre - South Car Park entrance,23.0,59.0,19.1,2021.0,Dec,6.0,-38.1691458,144.3511856,0,3,20,20,2,3216,Belmont,Open,0.0
014d9b,smart node 7,84.0,170.0,20.4,2021.0,Dec,6.0,-38.1469338,144.3711246,17,4,6,20,16,3220,Geelong,Open,2.0
014da2,Rippleside Park,2.0,6.0,10.7,2021.0,Dec,6.0,-38.11494912,144.6725659,0,0,0,1,0,3223,Geelong CBD,Open,0.0
014dbe,St Albans reserve rotunda,39.0,82.0,10.0,2021.0,Dec,6.0,-38.1861465,144.3938752,2,0,1,1,0,3219,St Albans Park,Open,0.0
014ddb,st helens south end playground,15.0,19.0,4.8,2021.0,Dec,6.0,-38.1220226,144.3591414,0,0,6,12,0,3215,Rippleside,Open,0.0
hawk-013a20,Busport Project office,1.0,1.0,1.2,2021.0,Dec,6.0,-38.1447631,144.3595969,20,9,17,20,20,3218,Geelong,Open,0.0
hawk-013a4f,City Hall,47.0,85.0,41.7,2021.0,Dec,6.0,-38.1474393,144.3576924,20,9,14,20,20,3218,Geelong CBD,Open,0.0
hawk-013a51,Myer South side,8.0,12.0,9.0,2021.0,Dec,6.0,-38.14762,144.3622749,19,7,12,20,20,3218,Geelong,Open,0.0
meraki-e0-cb-bc-35-ae-29,Lt Malop West,31.2,67.6,6.2,2021.0,Dec,6.0,-38.147929,144.358854,19,10,14,20,20,3218,Geelong,Open,0.0
meraki-e0-cb-bc-35-b1-1a,Eastern Beach,31.2,67.6,6.2,2021.0,Dec,6.0,-38.147308,144.373781,13,2,6,20,16,3220,Geelong,Open,0.0
meraki-e0-cb-bc-35-be-84,Lt Malop Central,31.2,67.6,6.2,2021.0,Dec,6.0,-38.148573,144.361279,19,9,14,20,20,3218,Geelong CBD,Open,0.0
meraki-e0-cb-bc-35-ae-29,Lt Malop West,31.2,67.6,6.2,2021.0,Dec,6.0,-38.147929,144.358854,19,10,14,20,20,3218,Geelong,Open,0.0
meraki-e0-cb-bc-35-b1-39,Waterfront - Steampacket,31.2,67.6,6.2,2021.0,Dec,6.0,-38.143849,144.362906,19,7,17,20,19,3220,Geelong,Open,0.0
meraki-e0-cb-bc-35-bb-14,Waterfront - Pier,31.2,67.6,6.2,2021.0,Dec,6.0,-38.143364,144.361926,20,8,13,20,20,3220,Cunningham Pier,Open,0.0
meraki-e0-cb-bc-35-bd-d3,City Hall,31.2,67.6,6.2,2021.0,Dec,6.0,-38.147158,144.358161,20,9,14,20,20,3218,Geelong,Open,0.0
014d9b,smart node 7,50.0,78.0,45.4,2021.0,Dec,6.0,-38.1469338,144.3711246,17,4,6,20,16,3220,Geelong,Open,0.0
014d9e,Botanical Gardens - conservatory entrance,0.0,0.0,0.0,2021.0,Dec,6.0,-38.1494367,144.3774611,16,0,2,20,3,3219,East Geelong,Open,0.0
014dbe,St Albans reserve rotunda,0.0,0.0,0.0,2021.0,Dec,6.0,-38.1861465,144.3938752,2,0,1,1,0,3219,St Albans Park,Open,0.0
014ddb,st helens south end playground,5.0,16.0,8.1,2021.0,Dec,6.0,-38.1220226,144.3591414,0,0,6,12,0,3215,Rippleside,Open,0.0
014de5,smart node 2,0.0,0.0,0.0,2021.0,Dec,6.0,-38.1430798,144.361831,20,8,13,20,20,3220,Cunningham Pier,Open,0.0
014de9,"High Street , Belmont wifi/cctv cabinet",0.0,0.0,0.0,2021.0,Dec,6.0,-38.1746141,144.3430678,0,3,8,20,2,3216,Belmont,Open,0.0
hawk-013a21,155 Mercer Foyer,2.0,2.0,5.8,2021.0,Dec,6.0,-38.1458692,144.3581138,19,8,16,20,20,3218,Geelong,Open,0.0
hawk-013a4f,City Hall,28.0,54.0,8.9,2021.0,Dec,6.0,-38.1474393,144.3576924,20,9,14,20,20,3218,Geelong CBD,Open,0.0
014d98,Barwon Valley Activity Centre - South Car Park entrance,7.0,13.0,14.4,2021.0,Dec,6.0,-38.1691458,144.3511856,0,3,20,20,2,3216,Belmont,Open,0.0
014d9b,smart node 7,12.0,19.0,8.6,2021.0,Dec,6.0,-38.1469338,144.3711246,17,4,6,20,16,3220,Geelong,Open,0.0
014db4,rippleside north end near gym,0.0,0.0,0.0,2021.0,Dec,6.0,-38.1274401,144.3549584,0,0,8,16,3,3215,Rippleside,Open,0.0
014ddd,smart node 6,0.0,0.0,0.0,2021.0,Dec,6.0,-38.1467049,144.3683997,18,5,10,20,18,3220,Geelong,Open,0.0
014de5,smart node 2,0.0,0.0,0.0,2021.0,Dec,6.0,-38.1430798,144.361831,20,8,13,20,20,3220,Cunningham Pier,Open,0.0
014de9,"High Street , Belmont wifi/cctv cabinet",27.0,36.0,13.0,2021.0,Dec,6.0,-38.1746141,144.3430678,0,3,8,20,2,3216,Belmont,Open,0.0
014d98,Barwon Valley Activity Centre - South Car Park entrance,8.0,25.0,7.8,2021.0,Dec,6.0,-38.1691458,144.3511856,0,3,20,20,2,3216,Belmont,Open,0.0
014d9b,smart node 7,13.0,22.0,7.6,2021.0,Dec,6.0,-38.1469338,144.3711246,17,4,6,20,16,3220,Geelong,Open,0.0
014dc6,Little Malop and James - CCTV/wifi cabinet,52.0,91.0,10.1,2021.0,Dec,6.0,-38.1479277,144.3588385,20,10,14,20,20,3218,Geelong,Open,2.0
014de5,smart node 2,0.0,0.0,0.0,2021.0,Dec,6.0,-38.1430798,144.361831,20,8,13,20,20,3220,Cunningham Pier,Open,0.0
hawk-013a33,Ryrie/Moorabool Outside,3.0,1.0,1.0,2021.0,Dec,6.0,-38.1489155,144.3584489,19,10,19,20,20,3218,Geelong CBD,Open,0.0
hawk-013a51,Myer South side,5.0,2.0,2.5,2021.0,Dec,6.0,-38.14762,144.3622749,19,7,12,20,20,3218,Geelong,Open,0.0
meraki-e0-cb-bc-35-b1-1a,Eastern Beach,31.2,67.6,6.2,2021.0,Dec,6.0,-38.147308,144.373781,13,2,6,20,16,3220,Geelong,Open,0.0
meraki-e0-cb-bc-35-b1-39,Waterfront - Steampacket,31.2,67.6,6.2,2021.0,Dec,6.0,-38.143849,144.362906,19,7,17,20,19,3220,Geelong,Open,0.0
meraki-e0-cb-bc-35-bd-d3,City Hall,31.2,67.6,6.2,2021.0,Dec,6.0,-38.147158,144.358161,20,9,14,20,20,3218,Geelong,Open,0.0
meraki-e0-cb-bc-35-be-84,Lt Malop Central,31.2,67.6,6.2,2021.0,Dec,6.0,-38.148573,144.361279,19,9,14,20,20,3218,Geelong CBD,Open,0.0
meraki-e0-cb-bc-35-ae-29,Lt Malop West,31.2,67.6,6.2,2021.0,Dec,6.0,-38.147929,144.358854,19,10,14,20,20,3218,Geelong,Open,0.0
014d98,Barwon Valley Activity Centre - South Car Park entrance,5.0,18.0,7.1,2021.0,Dec,6.0,-38.1691458,144.3511856,0,3,20,20,2,3216,Belmont,Open,0.0
014d9e,Botanical Gardens - conservatory entrance,0.0,0.0,0.0,2021.0,Dec,6.0,-38.1494367,144.3774611,16,0,2,20,3,3219,East Geelong,Open,0.0
014da2,Rippleside Park,0.0,0.0,0.0,2021.0,Dec,6.0,-38.11494912,144.6725659,0,0,0,1,0,3223,Geelong CBD,Open,0.0
014db4,rippleside north end near gym,0.0,0.0,0.0,2021.0,Dec,6.0,-38.1274401,144.3549584,0,0,8,16,3,3215,Rippleside,Open,0.0
014ddb,st helens south end playground,0.0,7.0,2.6,2021.0,Dec,6.0,-38.1220226,144.3591414,0,0,6,12,0,3215,Rippleside,Open,0.0
hawk-013a4f,City Hall,4.0,9.0,2.0,2021.0,Dec,6.0,-38.1474393,144.3576924,20,9,14,20,20,3218,Geelong CBD,Open,0.0
014d9b,smart node 7,5.0,6.0,4.0,2021.0,Dec,6.0,-38.1469338,144.3711246,17,4,6,20,16,3220,Geelong,Open,0.0
014da2,Rippleside Park,0.0,0.0,0.0,2021.0,Dec,6.0,-38.11494912,144.6725659,0,0,0,1,0,3223,Geelong CBD,Open,0.0
014dbe,St Albans reserve rotunda,0.0,0.0,0.0,2021.0,Dec,6.0,-38.1861465,144.3938752,2,0,1,1,0,3219,St Albans Park,Open,0.0
014ddb,st helens south end playground,0.0,0.0,0.0,2021.0,Dec,6.0,-38.1220226,144.3591414,0,0,6,12,0,3215,Rippleside,Open,0.0
014ddd,smart node 6,0.0,0.0,0.0,2021.0,Dec,6.0,-38.1467049,144.3683997,18,5,10,20,18,3220,Geelong,Open,0.0
hawk-013a1f,Botanical Gardens - Heritage gate,0.0,0.0,0.0,2021.0,Dec,6.0,-38.1493122,144.3770579,13,0,3,20,6,3219,East Geelong,Open,0.0
hawk-013a20,Busport Project office,0.0,0.0,0.0,2021.0,Dec,6.0,-38.1447631,144.3595969,20,9,17,20,20,3218,Geelong,Open,0.0
hawk-013a21,155 Mercer Foyer,1.0,0.0,0.0,2021.0,Dec,6.0,-38.1458692,144.3581138,19,8,16,20,20,3218,Geelong,Open,0.0
hawk-013a4f,City Hall,5.0,3.0,0.8,2021.0,Dec,6.0,-38.1474393,144.3576924,20,9,14,20,20,3218,Geelong CBD,Open,0.0
meraki-e0-cb-bc-35-b1-1a,Eastern Beach,31.2,67.6,6.2,2021.0,Dec,6.0,-38.147308,144.373781,13,2,6,20,16,3220,Geelong,Open,0.0
meraki-e0-cb-bc-35-bb-14,Waterfront - Pier,31.2,67.6,6.2,2021.0,Dec,6.0,-38.143364,144.361926,20,8,13,20,20,3220,Cunningham Pier,Open,0.0
014d98,Barwon Valley Activity Centre - South Car Park entrance,3.0,6.0,4.0,2021.0,Dec,6.0,-38.1691458,144.3511856,0,3,20,20,2,3216,Belmont,Open,0.0
014d9b,smart node 7,2.0,2.0,3.3,2021.0,Dec,6.0,-38.1469338,144.3711246,17,4,6,20,16,3220,Geelong,Open,0.0
014da2,Rippleside Park,0.0,0.0,0.0,2021.0,Dec,6.0,-38.11494912,144.6725659,0,0,0,1,0,3223,Geelong CBD,Open,0.0
014dbe,St Albans reserve rotunda,0.0,0.0,0.0,2021.0,Dec,6.0,-38.1861465,144.3938752,2,0,1,1,0,3219,St Albans Park,Open,0.0
014de9,"High Street , Belmont wifi/cctv cabinet",15.0,6.0,10.0,2021.0,Dec,6.0,-38.1746141,144.3430678,0,3,8,20,2,3216,Belmont,Open,0.0
hawk-013a21,155 Mercer Foyer,1.0,0.0,0.0,2021.0,Dec,6.0,-38.1458692,144.3581138,19,8,16,20,20,3218,Geelong,Open,0.0
hawk-013a51,Myer South side,5.0,3.0,5.0,2021.0,Dec,6.0,-38.14762,144.3622749,19,7,12,20,20,3218,Geelong,Open,0.0
meraki-e0-cb-bc-35-b3-27,Malop Street,31.2,67.6,6.2,2021.0,Dec,6.0,-38.14768,144.361951,20,8,12,20,20,3218,Geelong,Open,0.0
meraki-e0-cb-bc-35-bb-14,Waterfront - Pier,31.2,67.6,6.2,2021.0,Dec,6.0,-38.143364,144.361926,20,8,13,20,20,3220,Cunningham Pier,Open,0.0
meraki-e0-cb-bc-35-bd-d3,City Hall,31.2,67.6,6.2,2021.0,Dec,6.0,-38.147158,144.358161,20,9,14,20,20,3218,Geelong,Open,0.0
meraki-e0-cb-bc-35-be-84,Lt Malop Central,31.2,67.6,6.2,2021.0,Dec,6.0,-38.148573,144.361279,19,9,14,20,20,3218,Geelong CBD,Open,0.0
014dc6,Little Malop and James - CCTV/wifi cabinet,35.0,33.0,7.7,2021.0,Dec,6.0,-38.1479277,144.3588385,20,10,14,20,20,3218,Geelong,Open,0.0
hawk-013a21,155 Mercer Foyer,1.0,0.0,0.0,2021.0,Dec,6.0,-38.1458692,144.3581138,19,8,16,20,20,3218,Geelong,Open,0.0
hawk-013a33,Ryrie/Moorabool Outside,3.0,2.0,0.8,2021.0,Dec,6.0,-38.1489155,144.3584489,19,10,19,20,20,3218,Geelong CBD,Open,0.0
hawk-013a4f,City Hall,4.0,5.0,2.5,2021.0,Dec,6.0,-38.1474393,144.3576924,20,9,14,20,20,3218,Geelong CBD,Open,0.0
meraki-e0-cb-bc-35-be-84,Lt Malop Central,31.2,67.6,6.2,2021.0,Dec,6.0,-38.148573,144.361279,19,9,14,20,20,3218,Geelong CBD,Open,0.0
014d98,Barwon Valley Activity Centre - South Car Park entrance,20.0,32.0,8.6,2021.0,Dec,6.0,-38.1691458,144.3511856,0,3,20,20,2,3216,Belmont,Open,0.0
014d9b,smart node 7,7.0,18.0,5.6,2021.0,Dec,6.0,-38.1469338,144.3711246,17,4,6,20,16,3220,Geelong,Open,0.0
014da2,Rippleside Park,0.0,0.0,0.0,2021.0,Dec,6.0,-38.11494912,144.6725659,0,0,0,1,0,3223,Geelong CBD,Open,0.0
014db4,rippleside north end near gym,11.0,16.0,5.5,2021.0,Dec,6.0,-38.1274401,144.3549584,0,0,8,16,3,3215,Rippleside,Open,0.0
014ddd,smart node 6,0.0,0.0,0.0,2021.0,Dec,6.0,-38.1467049,144.3683997,18,5,10,20,18,3220,Geelong,Open,0.0
hawk-013a1f,Botanical Gardens - Heritage gate,0.0,0.0,0.0,2021.0,Dec,6.0,-38.1493122,144.3770579,13,0,3,20,6,3219,East Geelong,Open,0.0
hawk-013a33,Ryrie/Moorabool Outside,3.0,4.0,3.0,2021.0,Dec,6.0,-38.1489155,144.3584489,19,10,19,20,20,3218,Geelong CBD,Open,0.0
meraki-e0-cb-bc-35-b1-1a,Eastern Beach,31.2,67.6,6.2,2021.0,Dec,6.0,-38.147308,144.373781,13,2,6,20,16,3220,Geelong,Open,0.0
meraki-e0-cb-bc-35-b3-27,Malop Street,31.2,67.6,6.2,2021.0,Dec,6.0,-38.14768,144.361951,20,8,12,20,20,3218,Geelong,Open,0.0
014d98,Barwon Valley Activity Centre - South Car Park entrance,62.0,81.0,13.5,2021.0,Dec,6.0,-38.1691458,144.3511856,0,3,20,20,2,3216,Belmont,Open,0.0
014d9e,Botanical Gardens - conservatory entrance,0.0,0.0,0.0,2021.0,Dec,6.0,-38.1494367,144.3774611,16,0,2,20,3,3219,East Geelong,Open,0.0
014db4,rippleside north end near gym,17.0,27.0,12.5,2021.0,Dec,6.0,-38.1274401,144.3549584,0,0,8,16,3,3215,Rippleside,Open,0.0
014ddb,st helens south end playground,18.0,22.0,4.4,2021.0,Dec,6.0,-38.1220226,144.3591414,0,0,6,12,0,3215,Rippleside,Open,0.0
014ddd,smart node 6,0.0,0.0,0.0,2021.0,Dec,6.0,-38.1467049,144.3683997,18,5,10,20,18,3220,Geelong,Open,0.0
hawk-013a20,Busport Project office,4.0,13.0,6.2,2021.0,Dec,6.0,-38.1447631,144.3595969,20,9,17,20,20,3218,Geelong,Open,0.0
hawk-013a51,Myer South side,16.0,27.0,10.0,2021.0,Dec,6.0,-38.14762,144.3622749,19,7,12,20,20,3218,Geelong,Open,0.0
014d98,Barwon Valley Activity Centre - South Car Park entrance,54.0,74.0,9.0,2021.0,Dec,6.0,-38.1691458,144.3511856,0,3,20,20,2,3216,Belmont,Open,0.0
014da2,Rippleside Park,2.0,2.0,2.5,2021.0,Dec,6.0,-38.11494912,144.6725659,0,0,0,1,0,3223,Geelong CBD,Open,0.0
014dbe,St Albans reserve rotunda,0.0,0.0,0.0,2021.0,Dec,6.0,-38.1861465,144.3938752,2,0,1,1,0,3219,St Albans Park,Open,0.0
014ddb,st helens south end playground,10.0,14.0,3.8,2021.0,Dec,6.0,-38.1220226,144.3591414,0,0,6,12,0,3215,Rippleside,Open,0.0
014de5,smart node 2,0.0,0.0,0.0,2021.0,Dec,6.0,-38.1430798,144.361831,20,8,13,20,20,3220,Cunningham Pier,Open,0.0
hawk-013a21,155 Mercer Foyer,2.0,1.0,1.0,2021.0,Dec,6.0,-38.1458692,144.3581138,19,8,16,20,20,3218,Geelong,Open,0.0
hawk-013a33,Ryrie/Moorabool Outside,10.0,20.0,6.8,2021.0,Dec,6.0,-38.1489155,144.3584489,19,10,19,20,20,3218,Geelong CBD,Open,0.0
meraki-e0-cb-bc-35-bb-14,Waterfront - Pier,31.2,67.6,6.2,2021.0,Dec,6.0,-38.143364,144.361926,20,8,13,20,20,3220,Cunningham Pier,Open,0.0
meraki-e0-cb-bc-35-bd-d3,City Hall,31.2,67.6,6.2,2021.0,Dec,6.0,-38.147158,144.358161,20,9,14,20,20,3218,Geelong,Open,0.0
meraki-e0-cb-bc-35-b1-1a,Eastern Beach,31.2,67.6,6.2,2021.0,Dec,6.0,-38.147308,144.373781,13,2,6,20,16,3220,Geelong,Open,0.0
014d9b,smart node 7,59.0,77.0,11.8,2021.0,Dec,6.0,-38.1469338,144.3711246,17,4,6,20,16,3220,Geelong,Open,0.0
014d9e,Botanical Gardens - conservatory entrance,0.0,0.0,0.0,2021.0,Dec,6.0,-38.1494367,144.3774611,16,0,2,20,3,3219,East Geelong,Open,0.0
014dbe,St Albans reserve rotunda,1.0,0.0,0.0,2021.0,Dec,6.0,-38.1861465,144.3938752,2,0,1,1,0,3219,St Albans Park,Open,0.0
014dc6,Little Malop and James - CCTV/wifi cabinet,108.0,197.0,8.3,2021.0,Dec,6.0,-38.1479277,144.3588385,20,10,14,20,20,3218,Geelong,Open,2.0
014ddd,smart node 6,0.0,0.0,0.0,2021.0,Dec,6.0,-38.1467049,144.3683997,18,5,10,20,18,3220,Geelong,Open,0.0
014de5,smart node 2,0.0,0.0,0.0,2021.0,Dec,6.0,-38.1430798,144.361831,20,8,13,20,20,3220,Cunningham Pier,Open,0.0
hawk-013a20,Busport Project office,12.0,17.0,3.3,2021.0,Dec,6.0,-38.1447631,144.3595969,20,9,17,20,20,3218,Geelong,Open,0.0
hawk-013a33,Ryrie/Moorabool Outside,16.0,43.0,9.1,2021.0,Dec,6.0,-38.1489155,144.3584489,19,10,19,20,20,3218,Geelong CBD,Open,0.0
hawk-013a51,Myer South side,34.0,38.0,15.0,2021.0,Dec,6.0,-38.14762,144.3622749,19,7,12,20,20,3218,Geelong,Open,0.0
014da2,Rippleside Park,6.0,13.0,12.5,2021.0,Dec,6.0,-38.11494912,144.6725659,0,0,0,1,0,3223,Geelong CBD,Open,0.0
014dbe,St Albans reserve rotunda,0.0,0.0,0.0,2021.0,Dec,6.0,-38.1861465,144.3938752,2,0,1,1,0,3219,St Albans Park,Open,0.0
hawk-013a4f,City Hall,52.0,76.0,14.0,2021.0,Dec,6.0,-38.1474393,144.3576924,20,9,14,20,20,3218,Geelong CBD,Open,0.0
meraki-e0-cb-bc-35-b3-27,Malop Street,31.2,67.6,6.2,2021.0,Dec,6.0,-38.14768,144.361951,20,8,12,20,20,3218,Geelong,Open,0.0
meraki-e0-cb-bc-35-be-84,Lt Malop Central,31.2,67.6,6.2,2021.0,Dec,6.0,-38.148573,144.361279,19,9,14,20,20,3218,Geelong CBD,Open,0.0
meraki-e0-cb-bc-35-ae-29,Lt Malop West,31.2,67.6,6.2,2021.0,Dec,6.0,-38.147929,144.358854,19,10,14,20,20,3218,Geelong,Open,0.0
meraki-e0-cb-bc-35-bb-14,Waterfront - Pier,31.2,67.6,6.2,2021.0,Dec,6.0,-38.143364,144.361926,20,8,13,20,20,3220,Cunningham Pier,Open,0.0
014d98,Barwon Valley Activity Centre - South Car Park entrance,108.0,332.0,13.2,2021.0,Dec,6.0,-38.1691458,144.3511856,0,3,20,20,2,3216,Belmont,Open,2.0
014d9b,smart node 7,41.0,54.0,6.9,2021.0,Dec,6.0,-38.1469338,144.3711246,17,4,6,20,16,3220,Geelong,Open,0.0
014d9e,Botanical Gardens - conservatory entrance,0.0,0.0,0.0,2021.0,Dec,6.0,-38.1494367,144.3774611,16,0,2,20,3,3219,East Geelong,Open,0.0
014da2,Rippleside Park,0.0,0.0,0.0,2021.0,Dec,6.0,-38.11494912,144.6725659,0,0,0,1,0,3223,Geelong CBD,Open,0.0
014db4,rippleside north end near gym,38.0,79.0,19.5,2021.0,Dec,6.0,-38.1274401,144.3549584,0,0,8,16,3,3215,Rippleside,Open,0.0
014dc6,Little Malop and James - CCTV/wifi cabinet,170.0,376.0,10.9,2021.0,Dec,6.0,-38.1479277,144.3588385,20,10,14,20,20,3218,Geelong,Open,2.0
hawk-013a1f,Botanical Gardens - Heritage gate,1.0,2.0,1.7,2021.0,Dec,6.0,-38.1493122,144.3770579,13,0,3,20,6,3219,East Geelong,Open,0.0
hawk-013a21,155 Mercer Foyer,6.0,7.0,3.3,2021.0,Dec,6.0,-38.1458692,144.3581138,19,8,16,20,20,3218,Geelong,Open,0.0
hawk-013a33,Ryrie/Moorabool Outside,29.0,54.0,9.4,2021.0,Dec,6.0,-38.1489155,144.3584489,19,10,19,20,20,3218,Geelong CBD,Open,0.0
meraki-e0-cb-bc-35-b1-1a,Eastern Beach,31.2,67.6,6.2,2021.0,Dec,6.0,-38.147308,144.373781,13,2,6,20,16,3220,Geelong,Open,0.0
meraki-e0-cb-bc-35-b1-39,Waterfront - Steampacket,31.2,67.6,6.2,2021.0,Dec,6.0,-38.143849,144.362906,19,7,17,20,19,3220,Geelong,Open,0.0
meraki-e0-cb-bc-35-b3-27,Malop Street,31.2,67.6,6.2,2021.0,Dec,6.0,-38.14768,144.361951,20,8,12,20,20,3218,Geelong,Open,0.0
meraki-e0-cb-bc-35-b3-27,Malop Street,31.2,67.6,6.2,2021.0,Dec,6.0,-38.14768,144.361951,20,8,12,20,20,3218,Geelong,Open,0.0
014d9e,Botanical Gardens - conservatory entrance,0.0,0.0,0.0,2021.0,Dec,6.0,-38.1494367,144.3774611,16,0,2,20,3,3219,East Geelong,Open,0.0
014db4,rippleside north end near gym,12.0,18.0,9.0,2021.0,Dec,6.0,-38.1274401,144.3549584,0,0,8,16,3,3215,Rippleside,Open,0.0
014ddd,smart node 6,0.0,0.0,0.0,2021.0,Dec,6.0,-38.1467049,144.3683997,18,5,10,20,18,3220,Geelong,Open,0.0
014de5,smart node 2,0.0,0.0,0.0,2021.0,Dec,6.0,-38.1430798,144.361831,20,8,13,20,20,3220,Cunningham Pier,Open,0.0
hawk-013a33,Ryrie/Moorabool Outside,28.0,34.0,5.1,2021.0,Dec,6.0,-38.1489155,144.3584489,19,10,19,20,20,3218,Geelong CBD,Open,0.0
hawk-013a4f,City Hall,49.0,84.0,17.4,2021.0,Dec,6.0,-38.1474393,144.3576924,20,9,14,20,20,3218,Geelong CBD,Open,0.0
meraki-e0-cb-bc-35-b1-1a,Eastern Beach,31.2,67.6,6.2,2021.0,Dec,6.0,-38.147308,144.373781,13,2,6,20,16,3220,Geelong,Open,0.0
meraki-e0-cb-bc-35-bb-14,Waterfront - Pier,31.2,67.6,6.2,2021.0,Dec,6.0,-38.143364,144.361926,20,8,13,20,20,3220,Cunningham Pier,Open,0.0
014da2,Rippleside Park,21.0,26.0,10.7,2021.0,Dec,6.0,-38.11494912,144.6725659,0,0,0,1,0,3223,Geelong CBD,Open,0.0
hawk-013a4f,City Hall,57.0,117.0,18.8,2021.0,Dec,6.0,-38.1474393,144.3576924,20,9,14,20,20,3218,Geelong CBD,Open,0.0
meraki-e0-cb-bc-35-ae-29,Lt Malop West,31.2,67.6,6.2,2021.0,Dec,6.0,-38.147929,144.358854,19,10,14,20,20,3218,Geelong,Open,0.0
meraki-e0-cb-bc-35-b3-27,Malop Street,31.2,67.6,6.2,2021.0,Dec,6.0,-38.14768,144.361951,20,8,12,20,20,3218,Geelong,Open,0.0
014dc6,Little Malop and James - CCTV/wifi cabinet,85.0,191.0,33.8,2021.0,Dec,6.0,-38.1479277,144.3588385,20,10,14,20,20,3218,Geelong,Open,2.0
meraki-e0-cb-bc-35-bd-d3,City Hall,31.2,67.6,6.2,2021.0,Dec,6.0,-38.147158,144.358161,20,9,14,20,20,3218,Geelong,Open,0.0
014dc6,Little Malop and James - CCTV/wifi cabinet,79.0,183.0,13.0,2021.0,Dec,6.0,-38.1479277,144.3588385,20,10,14,20,20,3218,Geelong,Open,2.0
014ddd,smart node 6,0.0,0.0,0.0,2021.0,Dec,6.0,-38.1467049,144.3683997,18,5,10,20,18,3220,Geelong,Open,0.0
hawk-013a1f,Botanical Gardens - Heritage gate,0.0,0.0,0.0,2021.0,Dec,6.0,-38.1493122,144.3770579,13,0,3,20,6,3219,East Geelong,Open,0.0
hawk-013a20,Busport Project office,0.0,1.0,0.8,2021.0,Dec,6.0,-38.1447631,144.3595969,20,9,17,20,20,3218,Geelong,Open,0.0
hawk-013a33,Ryrie/Moorabool Outside,5.0,10.0,3.8,2021.0,Dec,6.0,-38.1489155,144.3584489,19,10,19,20,20,3218,Geelong CBD,Open,0.0
014ddd,smart node 6,0.0,0.0,0.0,2021.0,Dec,6.0,-38.1467049,144.3683997,18,5,10,20,18,3220,Geelong,Open,0.0
014de9,"High Street , Belmont wifi/cctv cabinet",0.0,0.0,0.0,2021.0,Dec,6.0,-38.1746141,144.3430678,0,3,8,20,2,3216,Belmont,Open,0.0
hawk-013a1f,Botanical Gardens - Heritage gate,0.0,0.0,0.0,2021.0,Dec,6.0,-38.1493122,144.3770579,13,0,3,20,6,3219,East Geelong,Open,0.0
hawk-013a20,Busport Project office,10.0,15.0,3.5,2021.0,Dec,6.0,-38.1447631,144.3595969,20,9,17,20,20,3218,Geelong,Open,0.0
hawk-013a21,155 Mercer Foyer,2.0,2.0,4.0,2021.0,Dec,6.0,-38.1458692,144.3581138,19,8,16,20,20,3218,Geelong,Open,0.0
meraki-e0-cb-bc-35-b3-27,Malop Street,31.2,67.6,6.2,2021.0,Dec,6.0,-38.14768,144.361951,20,8,12,20,20,3218,Geelong,Open,0.0
meraki-e0-cb-bc-35-bb-14,Waterfront - Pier,31.2,67.6,6.2,2021.0,Dec,6.0,-38.143364,144.361926,20,8,13,20,20,3220,Cunningham Pier,Open,0.0
014d9e,Botanical Gardens - conservatory entrance,0.0,0.0,0.0,2021.0,Dec,6.0,-38.1494367,144.3774611,16,0,2,20,3,3219,East Geelong,Open,0.0
014da2,Rippleside Park,0.0,0.0,0.0,2021.0,Dec,6.0,-38.11494912,144.6725659,0,0,0,1,0,3223,Geelong CBD,Open,0.0
014dbe,St Albans reserve rotunda,0.0,0.0,0.0,2021.0,Dec,6.0,-38.1861465,144.3938752,2,0,1,1,0,3219,St Albans Park,Open,0.0
014dc6,Little Malop and James - CCTV/wifi cabinet,11.0,34.0,17.9,2021.0,Dec,6.0,-38.1479277,144.3588385,20,10,14,20,20,3218,Geelong,Open,0.0
hawk-013a1f,Botanical Gardens - Heritage gate,0.0,0.0,0.0,2021.0,Dec,6.0,-38.1493122,144.3770579,13,0,3,20,6,3219,East Geelong,Open,0.0
hawk-013a20,Busport Project office,0.0,0.0,0.0,2021.0,Dec,6.0,-38.1447631,144.3595969,20,9,17,20,20,3218,Geelong,Open,0.0
hawk-013a21,155 Mercer Foyer,2.0,1.0,5.0,2021.0,Dec,6.0,-38.1458692,144.3581138,19,8,16,20,20,3218,Geelong,Open,0.0
hawk-013a33,Ryrie/Moorabool Outside,4.0,4.0,2.0,2021.0,Dec,6.0,-38.1489155,144.3584489,19,10,19,20,20,3218,Geelong CBD,Open,0.0
meraki-e0-cb-bc-35-bb-14,Waterfront - Pier,31.2,67.6,6.2,2021.0,Dec,6.0,-38.143364,144.361926,20,8,13,20,20,3220,Cunningham Pier,Open,0.0
014dbe,St Albans reserve rotunda,0.0,0.0,0.0,2021.0,Dec,6.0,-38.1861465,144.3938752,2,0,1,1,0,3219,St Albans Park,Open,0.0
014dc6,Little Malop and James - CCTV/wifi cabinet,6.0,3.0,6.5,2021.0,Dec,6.0,-38.1479277,144.3588385,20,10,14,20,20,3218,Geelong,Open,0.0
014de9,"High Street , Belmont wifi/cctv cabinet",21.0,30.0,18.5,2021.0,Dec,6.0,-38.1746141,144.3430678,0,3,8,20,2,3216,Belmont,Open,0.0
hawk-013a1f,Botanical Gardens - Heritage gate,0.0,0.0,0.0,2021.0,Dec,6.0,-38.1493122,144.3770579,13,0,3,20,6,3219,East Geelong,Open,0.0
hawk-013a21,155 Mercer Foyer,1.0,0.0,0.0,2021.0,Dec,6.0,-38.1458692,144.3581138,19,8,16,20,20,3218,Geelong,Open,0.0
hawk-013a51,Myer South side,4.0,2.0,7.5,2021.0,Dec,6.0,-38.14762,144.3622749,19,7,12,20,20,3218,Geelong,Open,0.0
meraki-e0-cb-bc-35-ae-29,Lt Malop West,31.2,67.6,6.2,2021.0,Dec,6.0,-38.147929,144.358854,19,10,14,20,20,3218,Geelong,Open,0.0
meraki-e0-cb-bc-35-b1-1a,Eastern Beach,31.2,67.6,6.2,2021.0,Dec,6.0,-38.147308,144.373781,13,2,6,20,16,3220,Geelong,Open,0.0
meraki-e0-cb-bc-35-b3-27,Malop Street,31.2,67.6,6.2,2021.0,Dec,6.0,-38.14768,144.361951,20,8,12,20,20,3218,Geelong,Open,0.0
meraki-e0-cb-bc-35-bb-14,Waterfront - Pier,31.2,67.6,6.2,2021.0,Dec,6.0,-38.143364,144.361926,20,8,13,20,20,3220,Cunningham Pier,Open,0.0
meraki-e0-cb-bc-35-bd-d3,City Hall,31.2,67.6,6.2,2021.0,Dec,6.0,-38.147158,144.358161,20,9,14,20,20,3218,Geelong,Open,0.0
014d98,Barwon Valley Activity Centre - South Car Park entrance,4.0,11.0,5.8,2021.0,Dec,6.0,-38.1691458,144.3511856,0,3,20,20,2,3216,Belmont,Open,0.0
014d9e,Botanical Gardens - conservatory entrance,0.0,0.0,0.0,2021.0,Dec,6.0,-38.1494367,144.3774611,16,0,2,20,3,3219,East Geelong,Open,0.0
014db4,rippleside north end near gym,0.0,0.0,0.0,2021.0,Dec,6.0,-38.1274401,144.3549584,0,0,8,16,3,3215,Rippleside,Open,0.0
014dc6,Little Malop and James - CCTV/wifi cabinet,8.0,5.0,12.7,2021.0,Dec,6.0,-38.1479277,144.3588385,20,10,14,20,20,3218,Geelong,Open,0.0
014de5,smart node 2,0.0,0.0,0.0,2021.0,Dec,6.0,-38.1430798,144.361831,20,8,13,20,20,3220,Cunningham Pier,Open,0.0
014de9,"High Street , Belmont wifi/cctv cabinet",10.0,7.0,15.0,2021.0,Dec,6.0,-38.1746141,144.3430678,0,3,8,20,2,3216,Belmont,Open,0.0
hawk-013a33,Ryrie/Moorabool Outside,2.0,1.0,0.8,2021.0,Dec,6.0,-38.1489155,144.3584489,19,10,19,20,20,3218,Geelong CBD,Open,0.0
meraki-e0-cb-bc-35-ae-29,Lt Malop West,31.2,67.6,6.2,2021.0,Dec,6.0,-38.147929,144.358854,19,10,14,20,20,3218,Geelong,Open,0.0
meraki-e0-cb-bc-35-bd-d3,City Hall,31.2,67.6,6.2,2021.0,Dec,6.0,-38.147158,144.358161,20,9,14,20,20,3218,Geelong,Open,0.0
meraki-e0-cb-bc-35-be-84,Lt Malop Central,31.2,67.6,6.2,2021.0,Dec,6.0,-38.148573,144.361279,19,9,14,20,20,3218,Geelong CBD,Open,0.0
014ddb,st helens south end playground,1.0,0.0,0.0,2021.0,Dec,6.0,-38.1220226,144.3591414,0,0,6,12,0,3215,Rippleside,Open,0.0
014ddd,smart node 6,0.0,0.0,0.0,2021.0,Dec,6.0,-38.1467049,144.3683997,18,5,10,20,18,3220,Geelong,Open,0.0
hawk-013a1f,Botanical Gardens - Heritage gate,0.0,0.0,0.0,2021.0,Dec,6.0,-38.1493122,144.3770579,13,0,3,20,6,3219,East Geelong,Open,0.0
hawk-013a20,Busport Project office,0.0,0.0,0.0,2021.0,Dec,6.0,-38.1447631,144.3595969,20,9,17,20,20,3218,Geelong,Open,0.0
hawk-013a33,Ryrie/Moorabool Outside,3.0,2.0,1.2,2021.0,Dec,6.0,-38.1489155,144.3584489,19,10,19,20,20,3218,Geelong CBD,Open,0.0
hawk-013a4f,City Hall,4.0,5.0,3.0,2021.0,Dec,6.0,-38.1474393,144.3576924,20,9,14,20,20,3218,Geelong CBD,Open,0.0
meraki-e0-cb-bc-35-ae-29,Lt Malop West,31.2,67.6,6.2,2021.0,Dec,6.0,-38.147929,144.358854,19,10,14,20,20,3218,Geelong,Open,0.0
meraki-e0-cb-bc-35-b1-39,Waterfront - Steampacket,31.2,67.6,6.2,2021.0,Dec,6.0,-38.143849,144.362906,19,7,17,20,19,3220,Geelong,Open,0.0
014db4,rippleside north end near gym,0.0,0.0,0.0,2021.0,Dec,6.0,-38.1274401,144.3549584,0,0,8,16,3,3215,Rippleside,Open,0.0
014dbe,St Albans reserve rotunda,0.0,0.0,0.0,2021.0,Dec,6.0,-38.1861465,144.3938752,2,0,1,1,0,3219,St Albans Park,Open,0.0
014ddd,smart node 6,0.0,0.0,0.0,2021.0,Dec,6.0,-38.1467049,144.3683997,18,5,10,20,18,3220,Geelong,Open,0.0
014de9,"High Street , Belmont wifi/cctv cabinet",11.0,6.0,23.5,2021.0,Dec,6.0,-38.1746141,144.3430678,0,3,8,20,2,3216,Belmont,Open,0.0
hawk-013a1f,Botanical Gardens - Heritage gate,0.0,0.0,0.0,2021.0,Dec,6.0,-38.1493122,144.3770579,13,0,3,20,6,3219,East Geelong,Open,0.0
meraki-e0-cb-bc-35-b1-39,Waterfront - Steampacket,31.2,67.6,6.2,2021.0,Dec,6.0,-38.143849,144.362906,19,7,17,20,19,3220,Geelong,Open,0.0
014ddb,st helens south end playground,5.0,0.0,0.0,2021.0,Dec,6.0,-38.1220226,144.3591414,0,0,6,12,0,3215,Rippleside,Open,0.0
014de5,smart node 2,0.0,0.0,0.0,2021.0,Dec,6.0,-38.1430798,144.361831,20,8,13,20,20,3220,Cunningham Pier,Open,0.0
hawk-013a20,Busport Project office,2.0,4.0,2.0,2021.0,Dec,6.0,-38.1447631,144.3595969,20,9,17,20,20,3218,Geelong,Open,0.0
hawk-013a4f,City Hall,6.0,11.0,4.0,2021.0,Dec,6.0,-38.1474393,144.3576924,20,9,14,20,20,3218,Geelong CBD,Open,0.0
hawk-013a51,Myer South side,5.0,2.0,10.0,2021.0,Dec,6.0,-38.14762,144.3622749,19,7,12,20,20,3218,Geelong,Open,0.0
meraki-e0-cb-bc-35-ae-29,Lt Malop West,31.2,67.6,6.2,2021.0,Dec,6.0,-38.147929,144.358854,19,10,14,20,20,3218,Geelong,Open,0.0
meraki-e0-cb-bc-35-bd-d3,City Hall,31.2,67.6,6.2,2021.0,Dec,6.0,-38.147158,144.358161,20,9,14,20,20,3218,Geelong,Open,0.0
meraki-e0-cb-bc-35-be-84,Lt Malop Central,31.2,67.6,6.2,2021.0,Dec,6.0,-38.148573,144.361279,19,9,14,20,20,3218,Geelong CBD,Open,0.0
meraki-e0-cb-bc-35-b1-1a,Eastern Beach,31.2,67.6,6.2,2021.0,Dec,6.0,-38.147308,144.373781,13,2,6,20,16,3220,Geelong,Open,0.0
meraki-e0-cb-bc-35-b1-39,Waterfront - Steampacket,31.2,67.6,6.2,2021.0,Dec,6.0,-38.143849,144.362906,19,7,17,20,19,3220,Geelong,Open,0.0
meraki-e0-cb-bc-35-b3-27,Malop Street,31.2,67.6,6.2,2021.0,Dec,6.0,-38.14768,144.361951,20,8,12,20,20,3218,Geelong,Open,0.0
meraki-e0-cb-bc-35-bd-d3,City Hall,31.2,67.6,6.2,2021.0,Dec,6.0,-38.147158,144.358161,20,9,14,20,20,3218,Geelong,Open,0.0
014d9e,Botanical Gardens - conservatory entrance,0.0,0.0,0.0,2021.0,Dec,6.0,-38.1494367,144.3774611,16,0,2,20,3,3219,East Geelong,Open,0.0
014dc6,Little Malop and James - CCTV/wifi cabinet,25.0,45.0,8.5,2021.0,Dec,6.0,-38.1479277,144.3588385,20,10,14,20,20,3218,Geelong,Open,0.0
014de9,"High Street , Belmont wifi/cctv cabinet",38.0,61.0,13.5,2021.0,Dec,6.0,-38.1746141,144.3430678,0,3,8,20,2,3216,Belmont,Open,0.0
hawk-013a1f,Botanical Gardens - Heritage gate,0.0,6.0,1.2,2021.0,Dec,6.0,-38.1493122,144.3770579,13,0,3,20,6,3219,East Geelong,Open,0.0
hawk-013a51,Myer South side,5.0,4.0,10.0,2021.0,Dec,6.0,-38.14762,144.3622749,19,7,12,20,20,3218,Geelong,Open,0.0
meraki-e0-cb-bc-35-ae-29,Lt Malop West,31.2,67.6,6.2,2021.0,Dec,6.0,-38.147929,144.358854,19,10,14,20,20,3218,Geelong,Open,0.0
meraki-e0-cb-bc-35-b1-1a,Eastern Beach,31.2,67.6,6.2,2021.0,Dec,6.0,-38.147308,144.373781,13,2,6,20,16,3220,Geelong,Open,0.0
meraki-e0-cb-bc-35-b3-27,Malop Street,31.2,67.6,6.2,2021.0,Dec,6.0,-38.14768,144.361951,20,8,12,20,20,3218,Geelong,Open,0.0
meraki-e0-cb-bc-35-be-84,Lt Malop Central,31.2,67.6,6.2,2021.0,Dec,6.0,-38.148573,144.361279,19,9,14,20,20,3218,Geelong CBD,Open,0.0
014d9b,smart node 7,31.0,72.0,18.5,2021.0,Dec,6.0,-38.1469338,144.3711246,17,4,6,20,16,3220,Geelong,Open,0.0
014dbe,St Albans reserve rotunda,0.0,0.0,0.0,2021.0,Dec,6.0,-38.1861465,144.3938752,2,0,1,1,0,3219,St Albans Park,Open,0.0
014dc6,Little Malop and James - CCTV/wifi cabinet,46.0,51.0,10.0,2021.0,Dec,6.0,-38.1479277,144.3588385,20,10,14,20,20,3218,Geelong,Open,0.0
014de5,smart node 2,0.0,0.0,0.0,2021.0,Dec,6.0,-38.1430798,144.361831,20,8,13,20,20,3220,Cunningham Pier,Open,0.0
014de9,"High Street , Belmont wifi/cctv cabinet",0.0,0.0,0.0,2021.0,Dec,6.0,-38.1746141,144.3430678,0,3,8,20,2,3216,Belmont,Open,0.0
hawk-013a33,Ryrie/Moorabool Outside,10.0,32.0,5.8,2021.0,Dec,6.0,-38.1489155,144.3584489,19,10,19,20,20,3218,Geelong CBD,Open,0.0
meraki-e0-cb-bc-35-ae-29,Lt Malop West,31.2,67.6,6.2,2021.0,Dec,6.0,-38.147929,144.358854,19,10,14,20,20,3218,Geelong,Open,0.0
meraki-e0-cb-bc-35-b3-27,Malop Street,31.2,67.6,6.2,2021.0,Dec,6.0,-38.14768,144.361951,20,8,12,20,20,3218,Geelong,Open,0.0
meraki-e0-cb-bc-35-bb-14,Waterfront - Pier,31.2,67.6,6.2,2021.0,Dec,6.0,-38.143364,144.361926,20,8,13,20,20,3220,Cunningham Pier,Open,0.0
meraki-e0-cb-bc-35-bd-d3,City Hall,31.2,67.6,6.2,2021.0,Dec,6.0,-38.147158,144.358161,20,9,14,20,20,3218,Geelong,Open,0.0
014db4,rippleside north end near gym,0.0,0.0,0.0,2021.0,Dec,6.0,-38.1274401,144.3549584,0,0,8,16,3,3215,Rippleside,Open,0.0
014ddb,st helens south end playground,43.0,53.0,7.5,2021.0,Dec,6.0,-38.1220226,144.3591414,0,0,6,12,0,3215,Rippleside,Open,2.0
014de9,"High Street , Belmont wifi/cctv cabinet",193.0,378.0,11.5,2021.0,Dec,6.0,-38.1746141,144.3430678,0,3,8,20,2,3216,Belmont,Open,2.0
hawk-013a21,155 Mercer Foyer,8.0,13.0,5.8,2021.0,Dec,6.0,-38.1458692,144.3581138,19,8,16,20,20,3218,Geelong,Open,0.0
hawk-013a4f,City Hall,45.0,96.0,14.0,2021.0,Dec,6.0,-38.1474393,144.3576924,20,9,14,20,20,3218,Geelong CBD,Open,2.0
014d98,Barwon Valley Activity Centre - South Car Park entrance,120.0,191.0,10.2,2021.0,Dec,6.0,-38.1691458,144.3511856,0,3,20,20,2,3216,Belmont,Open,2.0
014ddd,smart node 6,0.0,0.0,0.0,2021.0,Dec,6.0,-38.1467049,144.3683997,18,5,10,20,18,3220,Geelong,Open,0.0
014de9,"High Street , Belmont wifi/cctv cabinet",261.0,481.0,14.0,2021.0,Dec,6.0,-38.1746141,144.3430678,0,3,8,20,2,3216,Belmont,Open,2.0
hawk-013a21,155 Mercer Foyer,32.0,45.0,8.7,2021.0,Dec,6.0,-38.1458692,144.3581138,19,8,16,20,20,3218,Geelong,Open,0.0
hawk-013a33,Ryrie/Moorabool Outside,20.0,50.0,6.0,2021.0,Dec,6.0,-38.1489155,144.3584489,19,10,19,20,20,3218,Geelong CBD,Open,0.0
meraki-e0-cb-bc-35-ae-29,Lt Malop West,31.2,67.6,6.2,2021.0,Dec,6.0,-38.147929,144.358854,19,10,14,20,20,3218,Geelong,Open,0.0
meraki-e0-cb-bc-35-b1-1a,Eastern Beach,31.2,67.6,6.2,2021.0,Dec,6.0,-38.147308,144.373781,13,2,6,20,16,3220,Geelong,Open,0.0
meraki-e0-cb-bc-35-b1-39,Waterfront - Steampacket,31.2,67.6,6.2,2021.0,Dec,6.0,-38.143849,144.362906,19,7,17,20,19,3220,Geelong,Open,0.0
meraki-e0-cb-bc-35-bb-14,Waterfront - Pier,31.2,67.6,6.2,2021.0,Dec,6.0,-38.143364,144.361926,20,8,13,20,20,3220,Cunningham Pier,Open,0.0
meraki-e0-cb-bc-35-bd-d3,City Hall,31.2,67.6,6.2,2021.0,Dec,6.0,-38.147158,144.358161,20,9,14,20,20,3218,Geelong,Open,0.0
014de5,smart node 2,0.0,0.0,0.0,2021.0,Dec,6.0,-38.1430798,144.361831,20,8,13,20,20,3220,Cunningham Pier,Open,0.0
014de9,"High Street , Belmont wifi/cctv cabinet",256.0,606.0,13.5,2021.0,Dec,6.0,-38.1746141,144.3430678,0,3,8,20,2,3216,Belmont,Open,2.0
hawk-013a20,Busport Project office,2.0,8.0,5.0,2021.0,Dec,6.0,-38.1447631,144.3595969,20,9,17,20,20,3218,Geelong,Open,0.0
hawk-013a4f,City Hall,53.0,140.0,13.4,2021.0,Dec,6.0,-38.1474393,144.3576924,20,9,14,20,20,3218,Geelong CBD,Open,0.0
meraki-e0-cb-bc-35-ae-29,Lt Malop West,31.2,67.6,6.2,2021.0,Dec,6.0,-38.147929,144.358854,19,10,14,20,20,3218,Geelong,Open,0.0
meraki-e0-cb-bc-35-bb-14,Waterfront - Pier,31.2,67.6,6.2,2021.0,Dec,6.0,-38.143364,144.361926,20,8,13,20,20,3220,Cunningham Pier,Open,0.0
014d98,Barwon Valley Activity Centre - South Car Park entrance,88.0,82.0,18.4,2021.0,Dec,6.0,-38.1691458,144.3511856,0,3,20,20,2,3216,Belmont,Open,1.0
014dc6,Little Malop and James - CCTV/wifi cabinet,180.0,441.0,12.2,2021.0,Dec,6.0,-38.1479277,144.3588385,20,10,14,20,20,3218,Geelong,Open,2.0
014ddb,st helens south end playground,25.0,54.0,18.3,2021.0,Dec,6.0,-38.1220226,144.3591414,0,0,6,12,0,3215,Rippleside,Open,0.0
014de9,"High Street , Belmont wifi/cctv cabinet",0.0,0.0,0.0,2021.0,Dec,6.0,-38.1746141,144.3430678,0,3,8,20,2,3216,Belmont,Open,0.0
hawk-013a20,Busport Project office,10.0,20.0,6.1,2021.0,Dec,6.0,-38.1447631,144.3595969,20,9,17,20,20,3218,Geelong,Open,0.0
hawk-013a4f,City Hall,58.0,154.0,15.1,2021.0,Dec,6.0,-38.1474393,144.3576924,20,9,14,20,20,3218,Geelong CBD,Open,0.0
meraki-e0-cb-bc-35-be-84,Lt Malop Central,31.2,67.6,6.2,2021.0,Dec,6.0,-38.148573,144.361279,19,9,14,20,20,3218,Geelong CBD,Open,0.0
014d9e,Botanical Gardens - conservatory entrance,0.0,0.0,0.0,2021.0,Dec,6.0,-38.1494367,144.3774611,16,0,2,20,3,3219,East Geelong,Open,0.0
014dbe,St Albans reserve rotunda,0.0,0.0,0.0,2021.0,Dec,6.0,-38.1861465,144.3938752,2,0,1,1,0,3219,St Albans Park,Open,0.0
014dc6,Little Malop and James - CCTV/wifi cabinet,174.0,392.0,16.3,2021.0,Dec,6.0,-38.1479277,144.3588385,20,10,14,20,20,3218,Geelong,Open,2.0
014de5,smart node 2,0.0,0.0,0.0,2021.0,Dec,6.0,-38.1430798,144.361831,20,8,13,20,20,3220,Cunningham Pier,Open,0.0
014de9,"High Street , Belmont wifi/cctv cabinet",0.0,0.0,0.0,2021.0,Dec,6.0,-38.1746141,144.3430678,0,3,8,20,2,3216,Belmont,Open,0.0
hawk-013a33,Ryrie/Moorabool Outside,33.0,97.0,13.6,2021.0,Dec,6.0,-38.1489155,144.3584489,19,10,19,20,20,3218,Geelong CBD,Open,2.0
014d98,Barwon Valley Activity Centre - South Car Park entrance,78.0,164.0,12.0,2021.0,Dec,6.0,-38.1691458,144.3511856,0,3,20,20,2,3216,Belmont,Open,1.0
014dc6,Little Malop and James - CCTV/wifi cabinet,299.0,676.0,10.7,2021.0,Dec,6.0,-38.1479277,144.3588385,20,10,14,20,20,3218,Geelong,Open,2.0
hawk-013a20,Busport Project office,13.0,29.0,5.5,2021.0,Dec,6.0,-38.1447631,144.3595969,20,9,17,20,20,3218,Geelong,Open,0.0
hawk-013a21,155 Mercer Foyer,18.0,1.0,1.0,2021.0,Dec,6.0,-38.1458692,144.3581138,19,8,16,20,20,3218,Geelong,Open,0.0
014da2,Rippleside Park,0.0,0.0,0.0,2021.0,Dec,6.0,-38.11494912,144.6725659,0,0,0,1,0,3223,Geelong CBD,Open,0.0
014ddb,st helens south end playground,56.0,132.0,24.7,2021.0,Dec,6.0,-38.1220226,144.3591414,0,0,6,12,0,3215,Rippleside,Open,2.0
014ddd,smart node 6,0.0,0.0,0.0,2021.0,Dec,6.0,-38.1467049,144.3683997,18,5,10,20,18,3220,Geelong,Open,0.0
014de5,smart node 2,0.0,0.0,0.0,2021.0,Dec,6.0,-38.1430798,144.361831,20,8,13,20,20,3220,Cunningham Pier,Open,0.0
hawk-013a20,Busport Project office,8.0,28.0,6.1,2021.0,Dec,6.0,-38.1447631,144.3595969,20,9,17,20,20,3218,Geelong,Open,0.0
014da2,Rippleside Park,0.0,0.0,0.0,2021.0,Dec,6.0,-38.11494912,144.6725659,0,0,0,1,0,3223,Geelong CBD,Open,0.0
014ddd,smart node 6,0.0,0.0,0.0,2021.0,Dec,6.0,-38.1467049,144.3683997,18,5,10,20,18,3220,Geelong,Open,0.0
014de9,"High Street , Belmont wifi/cctv cabinet",0.0,0.0,0.0,2021.0,Dec,6.0,-38.1746141,144.3430678,0,3,8,20,2,3216,Belmont,Open,0.0
hawk-013a4f,City Hall,79.0,180.0,14.0,2021.0,Dec,6.0,-38.1474393,144.3576924,20,9,14,20,20,3218,Geelong CBD,Open,2.0
014d9b,smart node 7,92.0,219.0,13.5,2021.0,Dec,6.0,-38.1469338,144.3711246,17,4,6,20,16,3220,Geelong,Open,2.0
014dc6,Little Malop and James - CCTV/wifi cabinet,126.0,176.0,13.8,2021.0,Dec,6.0,-38.1479277,144.3588385,20,10,14,20,20,3218,Geelong,Open,2.0
014ddb,st helens south end playground,22.0,28.0,9.5,2021.0,Dec,6.0,-38.1220226,144.3591414,0,0,6,12,0,3215,Rippleside,Open,0.0
014de5,smart node 2,0.0,0.0,0.0,2021.0,Dec,6.0,-38.1430798,144.361831,20,8,13,20,20,3220,Cunningham Pier,Open,0.0
014de9,"High Street , Belmont wifi/cctv cabinet",0.0,0.0,0.0,2021.0,Dec,6.0,-38.1746141,144.3430678,0,3,8,20,2,3216,Belmont,Open,0.0
hawk-013a1f,Botanical Gardens - Heritage gate,9.0,7.0,3.3,2021.0,Dec,6.0,-38.1493122,144.3770579,13,0,3,20,6,3219,East Geelong,Open,0.0
hawk-013a21,155 Mercer Foyer,2.0,0.0,0.0,2021.0,Dec,6.0,-38.1458692,144.3581138,19,8,16,20,20,3218,Geelong,Open,0.0
014da2,Rippleside Park,0.0,0.0,0.0,2021.0,Dec,6.0,-38.11494912,144.6725659,0,0,0,1,0,3223,Geelong CBD,Open,0.0
014db4,rippleside north end near gym,19.0,65.0,15.0,2021.0,Dec,6.0,-38.1274401,144.3549584,0,0,8,16,3,3215,Rippleside,Open,2.0
014ddb,st helens south end playground,124.0,262.0,16.6,2021.0,Dec,6.0,-38.1220226,144.3591414,0,0,6,12,0,3215,Rippleside,Open,2.0
014de5,smart node 2,0.0,0.0,0.0,2021.0,Dec,6.0,-38.1430798,144.361831,20,8,13,20,20,3220,Cunningham Pier,Open,0.0
hawk-013a33,Ryrie/Moorabool Outside,20.0,58.0,12.8,2021.0,Dec,6.0,-38.1489155,144.3584489,19,10,19,20,20,3218,Geelong CBD,Open,0.0
014d98,Barwon Valley Activity Centre - South Car Park entrance,203.0,338.0,12.3,2021.0,Dec,6.0,-38.1691458,144.3511856,0,3,20,20,2,3216,Belmont,Open,2.0
014da2,Rippleside Park,6.0,19.0,11.3,2021.0,Dec,6.0,-38.11494912,144.6725659,0,0,0,1,0,3223,Geelong CBD,Open,0.0
014dbe,St Albans reserve rotunda,0.0,0.0,0.0,2021.0,Dec,6.0,-38.1861465,144.3938752,2,0,1,1,0,3219,St Albans Park,Open,0.0
014ddb,st helens south end playground,102.0,116.0,8.9,2021.0,Dec,6.0,-38.1220226,144.3591414,0,0,6,12,0,3215,Rippleside,Open,2.0
014ddd,smart node 6,0.0,0.0,0.0,2021.0,Dec,6.0,-38.1467049,144.3683997,18,5,10,20,18,3220,Geelong,Open,0.0
hawk-013a33,Ryrie/Moorabool Outside,53.0,90.0,9.3,2021.0,Dec,6.0,-38.1489155,144.3584489,19,10,19,20,20,3218,Geelong CBD,Open,0.0
meraki-e0-cb-bc-35-ae-29,Lt Malop West,31.2,67.6,6.2,2021.0,Dec,6.0,-38.147929,144.358854,19,10,14,20,20,3218,Geelong,Open,0.0
meraki-e0-cb-bc-35-b1-39,Waterfront - Steampacket,31.2,67.6,6.2,2021.0,Dec,6.0,-38.143849,144.362906,19,7,17,20,19,3220,Geelong,Open,0.0
014db4,rippleside north end near gym,24.0,31.0,14.5,2021.0,Dec,6.0,-38.1274401,144.3549584,0,0,8,16,3,3215,Rippleside,Open,0.0
014dbe,St Albans reserve rotunda,0.0,0.0,0.0,2021.0,Dec,6.0,-38.1861465,144.3938752,2,0,1,1,0,3219,St Albans Park,Open,0.0
014dc6,Little Malop and James - CCTV/wifi cabinet,134.0,233.0,13.8,2021.0,Dec,6.0,-38.1479277,144.3588385,20,10,14,20,20,3218,Geelong,Open,2.0
hawk-013a20,Busport Project office,3.0,0.0,0.0,2021.0,Dec,6.0,-38.1447631,144.3595969,20,9,17,20,20,3218,Geelong,Open,0.0
hawk-013a21,155 Mercer Foyer,1.0,0.0,0.0,2021.0,Dec,6.0,-38.1458692,144.3581138,19,8,16,20,20,3218,Geelong,Open,0.0
meraki-e0-cb-bc-35-b1-1a,Eastern Beach,31.2,67.6,6.2,2021.0,Dec,6.0,-38.147308,144.373781,13,2,6,20,16,3220,Geelong,Open,0.0
meraki-e0-cb-bc-35-bb-14,Waterfront - Pier,31.2,67.6,6.2,2021.0,Dec,6.0,-38.143364,144.361926,20,8,13,20,20,3220,Cunningham Pier,Open,0.0
014d98,Barwon Valley Activity Centre - South Car Park entrance,38.0,72.0,17.3,2021.0,Dec,6.0,-38.1691458,144.3511856,0,3,20,20,2,3216,Belmont,Open,2.0
014d9b,smart node 7,106.0,316.0,17.5,2021.0,Dec,6.0,-38.1469338,144.3711246,17,4,6,20,16,3220,Geelong,Open,2.0
014da2,Rippleside Park,14.0,2.0,3.3,2021.0,Dec,6.0,-38.11494912,144.6725659,0,0,0,1,0,3223,Geelong CBD,Open,0.0
014ddb,st helens south end playground,31.0,35.0,9.6,2021.0,Dec,6.0,-38.1220226,144.3591414,0,0,6,12,0,3215,Rippleside,Open,0.0
hawk-013a20,Busport Project office,23.0,16.0,3.3,2021.0,Dec,6.0,-38.1447631,144.3595969,20,9,17,20,20,3218,Geelong,Open,0.0
hawk-013a21,155 Mercer Foyer,1.0,0.0,0.0,2021.0,Dec,6.0,-38.1458692,144.3581138,19,8,16,20,20,3218,Geelong,Open,0.0
meraki-e0-cb-bc-35-ae-29,Lt Malop West,31.2,67.6,6.2,2021.0,Dec,6.0,-38.147929,144.358854,19,10,14,20,20,3218,Geelong,Open,0.0
meraki-e0-cb-bc-35-b3-27,Malop Street,31.2,67.6,6.2,2021.0,Dec,6.0,-38.14768,144.361951,20,8,12,20,20,3218,Geelong,Open,0.0
meraki-e0-cb-bc-35-be-84,Lt Malop Central,31.2,67.6,6.2,2021.0,Dec,6.0,-38.148573,144.361279,19,9,14,20,20,3218,Geelong CBD,Open,0.0
014d9e,Botanical Gardens - conservatory entrance,0.0,0.0,0.0,2021.0,Dec,6.0,-38.1494367,144.3774611,16,0,2,20,3,3219,East Geelong,Open,0.0
014db4,rippleside north end near gym,8.0,9.0,7.5,2021.0,Dec,6.0,-38.1274401,144.3549584,0,0,8,16,3,3215,Rippleside,Open,0.0
014ddd,smart node 6,0.0,0.0,0.0,2021.0,Dec,6.0,-38.1467049,144.3683997,18,5,10,20,18,3220,Geelong,Open,0.0
014de5,smart node 2,0.0,0.0,0.0,2021.0,Dec,6.0,-38.1430798,144.361831,20,8,13,20,20,3220,Cunningham Pier,Open,0.0
014de9,"High Street , Belmont wifi/cctv cabinet",138.0,191.0,18.5,2021.0,Dec,6.0,-38.1746141,144.3430678,0,3,8,20,2,3216,Belmont,Open,2.0
hawk-013a1f,Botanical Gardens - Heritage gate,0.0,0.0,0.0,2021.0,Dec,6.0,-38.1493122,144.3770579,13,0,3,20,6,3219,East Geelong,Open,0.0
hawk-013a21,155 Mercer Foyer,2.0,1.0,1.0,2021.0,Dec,6.0,-38.1458692,144.3581138,19,8,16,20,20,3218,Geelong,Open,0.0
hawk-013a33,Ryrie/Moorabool Outside,18.0,47.0,9.8,2021.0,Dec,6.0,-38.1489155,144.3584489,19,10,19,20,20,3218,Geelong CBD,Open,0.0
meraki-e0-cb-bc-35-b1-39,Waterfront - Steampacket,31.2,67.6,6.2,2021.0,Dec,6.0,-38.143849,144.362906,19,7,17,20,19,3220,Geelong,Open,0.0
meraki-e0-cb-bc-35-b3-27,Malop Street,31.2,67.6,6.2,2021.0,Dec,6.0,-38.14768,144.361951,20,8,12,20,20,3218,Geelong,Open,0.0
meraki-e0-cb-bc-35-bb-14,Waterfront - Pier,31.2,67.6,6.2,2021.0,Dec,6.0,-38.143364,144.361926,20,8,13,20,20,3220,Cunningham Pier,Open,0.0
014ddb,st helens south end playground,0.0,0.0,0.0,2021.0,Dec,6.0,-38.1220226,144.3591414,0,0,6,12,0,3215,Rippleside,Open,0.0
hawk-013a4f,City Hall,10.0,7.0,3.3,2021.0,Dec,6.0,-38.1474393,144.3576924,20,9,14,20,20,3218,Geelong CBD,Open,0.0
hawk-013a51,Myer South side,4.0,3.0,7.5,2021.0,Dec,6.0,-38.14762,144.3622749,19,7,12,20,20,3218,Geelong,Open,0.0
meraki-e0-cb-bc-35-b1-1a,Eastern Beach,31.2,67.6,6.2,2021.0,Dec,6.0,-38.147308,144.373781,13,2,6,20,16,3220,Geelong,Open,0.0
meraki-e0-cb-bc-35-b1-39,Waterfront - Steampacket,31.2,67.6,6.2,2021.0,Dec,6.0,-38.143849,144.362906,19,7,17,20,19,3220,Geelong,Open,0.0
meraki-e0-cb-bc-35-b3-27,Malop Street,31.2,67.6,6.2,2021.0,Dec,6.0,-38.14768,144.361951,20,8,12,20,20,3218,Geelong,Open,0.0
meraki-e0-cb-bc-35-bd-d3,City Hall,31.2,67.6,6.2,2021.0,Dec,6.0,-38.147158,144.358161,20,9,14,20,20,3218,Geelong,Open,0.0
meraki-e0-cb-bc-35-be-84,Lt Malop Central,31.2,67.6,6.2,2021.0,Dec,6.0,-38.148573,144.361279,19,9,14,20,20,3218,Geelong CBD,Open,0.0
014d9e,Botanical Gardens - conservatory entrance,0.0,0.0,0.0,2021.0,Dec,6.0,-38.1494367,144.3774611,16,0,2,20,3,3219,East Geelong,Open,0.0
014da2,Rippleside Park,0.0,0.0,0.0,2021.0,Dec,6.0,-38.11494912,144.6725659,0,0,0,1,0,3223,Geelong CBD,Open,0.0
014db4,rippleside north end near gym,0.0,0.0,0.0,2021.0,Dec,6.0,-38.1274401,144.3549584,0,0,8,16,3,3215,Rippleside,Open,0.0
014dbe,St Albans reserve rotunda,0.0,0.0,0.0,2021.0,Dec,6.0,-38.1861465,144.3938752,2,0,1,1,0,3219,St Albans Park,Open,0.0
014ddb,st helens south end playground,3.0,7.0,10.7,2021.0,Dec,6.0,-38.1220226,144.3591414,0,0,6,12,0,3215,Rippleside,Open,0.0
hawk-013a4f,City Hall,38.0,66.0,9.1,2021.0,Dec,6.0,-38.1474393,144.3576924,20,9,14,20,20,3218,Geelong CBD,Open,0.0
meraki-e0-cb-bc-35-ae-29,Lt Malop West,31.2,67.6,6.2,2021.0,Dec,6.0,-38.147929,144.358854,19,10,14,20,20,3218,Geelong,Open,0.0
meraki-e0-cb-bc-35-b1-1a,Eastern Beach,31.2,67.6,6.2,2021.0,Dec,6.0,-38.147308,144.373781,13,2,6,20,16,3220,Geelong,Open,0.0
meraki-e0-cb-bc-35-be-84,Lt Malop Central,31.2,67.6,6.2,2021.0,Dec,6.0,-38.148573,144.361279,19,9,14,20,20,3218,Geelong CBD,Open,0.0
014d98,Barwon Valley Activity Centre - South Car Park entrance,10.0,27.0,16.3,2021.0,Dec,6.0,-38.1691458,144.3511856,0,3,20,20,2,3216,Belmont,Open,0.0
014da2,Rippleside Park,0.0,0.0,0.0,2021.0,Dec,6.0,-38.11494912,144.6725659,0,0,0,1,0,3223,Geelong CBD,Open,0.0
014db4,rippleside north end near gym,4.0,5.0,5.0,2021.0,Dec,6.0,-38.1274401,144.3549584,0,0,8,16,3,3215,Rippleside,Open,0.0
hawk-013a51,Myer South side,6.0,7.0,7.5,2021.0,Dec,6.0,-38.14762,144.3622749,19,7,12,20,20,3218,Geelong,Open,0.0
014d9b,smart node 7,3.0,2.0,21.0,2021.0,Dec,6.0,-38.1469338,144.3711246,17,4,6,20,16,3220,Geelong,Open,0.0
014ddd,smart node 6,0.0,0.0,0.0,2021.0,Dec,6.0,-38.1467049,144.3683997,18,5,10,20,18,3220,Geelong,Open,0.0
014de5,smart node 2,0.0,0.0,0.0,2021.0,Dec,6.0,-38.1430798,144.361831,20,8,13,20,20,3220,Cunningham Pier,Open,0.0
hawk-013a20,Busport Project office,0.0,0.0,0.0,2021.0,Dec,6.0,-38.1447631,144.3595969,20,9,17,20,20,3218,Geelong,Open,0.0
hawk-013a33,Ryrie/Moorabool Outside,1.0,0.0,0.0,2021.0,Dec,6.0,-38.1489155,144.3584489,19,10,19,20,20,3218,Geelong CBD,Open,0.0
meraki-e0-cb-bc-35-b1-39,Waterfront - Steampacket,31.2,67.6,6.2,2021.0,Dec,6.0,-38.143849,144.362906,19,7,17,20,19,3220,Geelong,Open,0.0
meraki-e0-cb-bc-35-be-84,Lt Malop Central,31.2,67.6,6.2,2021.0,Dec,6.0,-38.148573,144.361279,19,9,14,20,20,3218,Geelong CBD,Open,0.0
meraki-e0-cb-bc-35-b1-39,Waterfront - Steampacket,31.2,67.6,6.2,2021.0,Dec,6.0,-38.143849,144.362906,19,7,17,20,19,3220,Geelong,Open,0.0
meraki-e0-cb-bc-35-b3-27,Malop Street,31.2,67.6,6.2,2021.0,Dec,6.0,-38.14768,144.361951,20,8,12,20,20,3218,Geelong,Open,0.0
hawk-013a51,Myer South side,4.0,0.0,0.0,2021.0,Dec,6.0,-38.14762,144.3622749,19,7,12,20,20,3218,Geelong,Open,0.0
014d9e,Botanical Gardens - conservatory entrance,0.0,0.0,0.0,2021.0,Dec,6.0,-38.1494367,144.3774611,16,0,2,20,3,3219,East Geelong,Open,0.0
014db4,rippleside north end near gym,0.0,0.0,0.0,2021.0,Dec,6.0,-38.1274401,144.3549584,0,0,8,16,3,3215,Rippleside,Open,0.0
014dc6,Little Malop and James - CCTV/wifi cabinet,13.0,13.0,9.6,2021.0,Dec,6.0,-38.1479277,144.3588385,20,10,14,20,20,3218,Geelong,Open,0.0
014de5,smart node 2,0.0,0.0,0.0,2021.0,Dec,6.0,-38.1430798,144.361831,20,8,13,20,20,3220,Cunningham Pier,Open,0.0
meraki-e0-cb-bc-35-b1-1a,Eastern Beach,31.2,67.6,6.2,2021.0,Dec,6.0,-38.147308,144.373781,13,2,6,20,16,3220,Geelong,Open,0.0
014d98,Barwon Valley Activity Centre - South Car Park entrance,5.0,13.0,3.8,2021.0,Dec,6.0,-38.1691458,144.3511856,0,3,20,20,2,3216,Belmont,Open,0.0
014d9b,smart node 7,3.0,1.0,3.0,2021.0,Dec,6.0,-38.1469338,144.3711246,17,4,6,20,16,3220,Geelong,Open,0.0
014d9e,Botanical Gardens - conservatory entrance,0.0,0.0,0.0,2021.0,Dec,6.0,-38.1494367,144.3774611,16,0,2,20,3,3219,East Geelong,Open,0.0
014da2,Rippleside Park,0.0,0.0,0.0,2021.0,Dec,6.0,-38.11494912,144.6725659,0,0,0,1,0,3223,Geelong CBD,Open,0.0
014ddb,st helens south end playground,0.0,1.0,2.5,2021.0,Dec,6.0,-38.1220226,144.3591414,0,0,6,12,0,3215,Rippleside,Open,0.0
014de5,smart node 2,0.0,0.0,0.0,2021.0,Dec,6.0,-38.1430798,144.361831,20,8,13,20,20,3220,Cunningham Pier,Open,0.0
hawk-013a20,Busport Project office,2.0,0.0,0.0,2021.0,Dec,6.0,-38.1447631,144.3595969,20,9,17,20,20,3218,Geelong,Open,0.0
hawk-013a51,Myer South side,4.0,2.0,270.0,2021.0,Dec,6.0,-38.14762,144.3622749,19,7,12,20,20,3218,Geelong,Open,0.0
meraki-e0-cb-bc-35-ae-29,Lt Malop West,31.2,67.6,6.2,2021.0,Dec,6.0,-38.147929,144.358854,19,10,14,20,20,3218,Geelong,Open,0.0
meraki-e0-cb-bc-35-b1-1a,Eastern Beach,31.2,67.6,6.2,2021.0,Dec,6.0,-38.147308,144.373781,13,2,6,20,16,3220,Geelong,Open,0.0
meraki-e0-cb-bc-35-b3-27,Malop Street,31.2,67.6,6.2,2021.0,Dec,6.0,-38.14768,144.361951,20,8,12,20,20,3218,Geelong,Open,0.0
meraki-e0-cb-bc-35-bb-14,Waterfront - Pier,31.2,67.6,6.2,2021.0,Dec,6.0,-38.143364,144.361926,20,8,13,20,20,3220,Cunningham Pier,Open,0.0
meraki-e0-cb-bc-35-bd-d3,City Hall,31.2,67.6,6.2,2021.0,Dec,6.0,-38.147158,144.358161,20,9,14,20,20,3218,Geelong,Open,0.0
meraki-e0-cb-bc-35-b1-39,Waterfront - Steampacket,31.2,67.6,6.2,2021.0,Dec,6.0,-38.143849,144.362906,19,7,17,20,19,3220,Geelong,Open,0.0
meraki-e0-cb-bc-35-bb-14,Waterfront - Pier,31.2,67.6,6.2,2021.0,Dec,6.0,-38.143364,144.361926,20,8,13,20,20,3220,Cunningham Pier,Open,0.0
014d9e,Botanical Gardens - conservatory entrance,0.0,0.0,0.0,2021.0,Dec,6.0,-38.1494367,144.3774611,16,0,2,20,3,3219,East Geelong,Open,0.0
014dbe,St Albans reserve rotunda,0.0,0.0,0.0,2021.0,Dec,6.0,-38.1861465,144.3938752,2,0,1,1,0,3219,St Albans Park,Open,0.0
014dc6,Little Malop and James - CCTV/wifi cabinet,24.0,38.0,12.1,2021.0,Dec,6.0,-38.1479277,144.3588385,20,10,14,20,20,3218,Geelong,Open,0.0
014de9,"High Street , Belmont wifi/cctv cabinet",12.0,7.0,18.0,2021.0,Dec,6.0,-38.1746141,144.3430678,0,3,8,20,2,3216,Belmont,Open,0.0
hawk-013a21,155 Mercer Foyer,1.0,0.0,0.0,2021.0,Dec,6.0,-38.1458692,144.3581138,19,8,16,20,20,3218,Geelong,Open,0.0
014d9b,smart node 7,23.0,31.0,7.9,2021.0,Dec,6.0,-38.1469338,144.3711246,17,4,6,20,16,3220,Geelong,Open,0.0
014db4,rippleside north end near gym,14.0,37.0,13.5,2021.0,Dec,6.0,-38.1274401,144.3549584,0,0,8,16,3,3215,Rippleside,Open,0.0
014ddd,smart node 6,0.0,0.0,0.0,2021.0,Dec,6.0,-38.1467049,144.3683997,18,5,10,20,18,3220,Geelong,Open,0.0
hawk-013a20,Busport Project office,7.0,5.0,2.0,2021.0,Dec,6.0,-38.1447631,144.3595969,20,9,17,20,20,3218,Geelong,Open,0.0
hawk-013a4f,City Hall,16.0,17.0,9.0,2021.0,Dec,6.0,-38.1474393,144.3576924,20,9,14,20,20,3218,Geelong CBD,Open,0.0
meraki-e0-cb-bc-35-b1-39,Waterfront - Steampacket,31.2,67.6,6.2,2021.0,Dec,6.0,-38.143849,144.362906,19,7,17,20,19,3220,Geelong,Open,0.0
meraki-e0-cb-bc-35-be-84,Lt Malop Central,31.2,67.6,6.2,2021.0,Dec,6.0,-38.148573,144.361279,19,9,14,20,20,3218,Geelong CBD,Open,0.0
014d98,Barwon Valley Activity Centre - South Car Park entrance,61.0,143.0,10.6,2021.0,Dec,6.0,-38.1691458,144.3511856,0,3,20,20,2,3216,Belmont,Open,2.0
014da2,Rippleside Park,17.0,43.0,11.5,2021.0,Dec,6.0,-38.11494912,144.6725659,0,0,0,1,0,3223,Geelong CBD,Open,0.0
hawk-013a1f,Botanical Gardens - Heritage gate,6.0,15.0,4.8,2021.0,Dec,6.0,-38.1493122,144.3770579,13,0,3,20,6,3219,East Geelong,Open,0.0
meraki-e0-cb-bc-35-b1-39,Waterfront - Steampacket,31.2,67.6,6.2,2021.0,Dec,6.0,-38.143849,144.362906,19,7,17,20,19,3220,Geelong,Open,0.0
meraki-e0-cb-bc-35-be-84,Lt Malop Central,31.2,67.6,6.2,2021.0,Dec,6.0,-38.148573,144.361279,19,9,14,20,20,3218,Geelong CBD,Open,0.0
014da2,Rippleside Park,15.0,10.0,7.5,2021.0,Dec,6.0,-38.11494912,144.6725659,0,0,0,1,0,3223,Geelong CBD,Open,0.0
hawk-013a1f,Botanical Gardens - Heritage gate,3.0,6.0,5.7,2021.0,Dec,6.0,-38.1493122,144.3770579,13,0,3,20,6,3219,East Geelong,Open,0.0
hawk-013a21,155 Mercer Foyer,3.0,2.0,0.8,2021.0,Dec,6.0,-38.1458692,144.3581138,19,8,16,20,20,3218,Geelong,Open,0.0
hawk-013a4f,City Hall,29.0,68.0,7.6,2021.0,Dec,6.0,-38.1474393,144.3576924,20,9,14,20,20,3218,Geelong CBD,Open,0.0
014d9b,smart node 7,38.0,64.0,22.9,2021.0,Dec,6.0,-38.1469338,144.3711246,17,4,6,20,16,3220,Geelong,Open,0.0
014d9e,Botanical Gardens - conservatory entrance,0.0,0.0,0.0,2021.0,Dec,6.0,-38.1494367,144.3774611,16,0,2,20,3,3219,East Geelong,Open,0.0
014db4,rippleside north end near gym,45.0,83.0,19.0,2021.0,Dec,6.0,-38.1274401,144.3549584,0,0,8,16,3,3215,Rippleside,Open,2.0
014dc6,Little Malop and James - CCTV/wifi cabinet,109.0,194.0,12.4,2021.0,Dec,6.0,-38.1479277,144.3588385,20,10,14,20,20,3218,Geelong,Open,2.0
014ddb,st helens south end playground,32.0,73.0,8.7,2021.0,Dec,6.0,-38.1220226,144.3591414,0,0,6,12,0,3215,Rippleside,Open,0.0
014de5,smart node 2,0.0,0.0,0.0,2021.0,Dec,6.0,-38.1430798,144.361831,20,8,13,20,20,3220,Cunningham Pier,Open,0.0
hawk-013a1f,Botanical Gardens - Heritage gate,2.0,3.0,1.7,2021.0,Dec,6.0,-38.1493122,144.3770579,13,0,3,20,6,3219,East Geelong,Open,0.0
hawk-013a20,Busport Project office,10.0,16.0,4.8,2021.0,Dec,6.0,-38.1447631,144.3595969,20,9,17,20,20,3218,Geelong,Open,0.0
hawk-013a51,Myer South side,55.0,70.0,15.0,2021.0,Dec,6.0,-38.14762,144.3622749,19,7,12,20,20,3218,Geelong,Open,0.0
014dbe,St Albans reserve rotunda,0.0,0.0,0.0,2021.0,Dec,6.0,-38.1861465,144.3938752,2,0,1,1,0,3219,St Albans Park,Open,0.0
014ddb,st helens south end playground,17.0,44.0,6.2,2021.0,Dec,6.0,-38.1220226,144.3591414,0,0,6,12,0,3215,Rippleside,Open,0.0
014ddd,smart node 6,0.0,0.0,0.0,2021.0,Dec,6.0,-38.1467049,144.3683997,18,5,10,20,18,3220,Geelong,Open,0.0
hawk-013a51,Myer South side,88.0,118.0,10.0,2021.0,Dec,6.0,-38.14762,144.3622749,19,7,12,20,20,3218,Geelong,Open,2.0
meraki-e0-cb-bc-35-bd-d3,City Hall,31.2,67.6,6.2,2021.0,Dec,6.0,-38.147158,144.358161,20,9,14,20,20,3218,Geelong,Open,0.0
meraki-e0-cb-bc-35-be-84,Lt Malop Central,31.2,67.6,6.2,2021.0,Dec,6.0,-38.148573,144.361279,19,9,14,20,20,3218,Geelong CBD,Open,0.0
meraki-e0-cb-bc-35-b1-1a,Eastern Beach,31.2,67.6,6.2,2021.0,Dec,7.0,-38.147308,144.373781,13,2,6,20,16,3220,Geelong,Open,0.0
meraki-e0-cb-bc-35-b1-39,Waterfront - Steampacket,31.2,67.6,6.2,2021.0,Dec,7.0,-38.143849,144.362906,19,7,17,20,19,3220,Geelong,Open,0.0
meraki-e0-cb-bc-35-b3-27,Malop Street,31.2,67.6,6.2,2021.0,Dec,7.0,-38.14768,144.361951,20,8,12,20,20,3218,Geelong,Open,0.0
014d9b,smart node 7,101.0,186.0,8.2,2021.0,Dec,7.0,-38.1469338,144.3711246,17,4,6,20,16,3220,Geelong,Open,2.0
014dbe,St Albans reserve rotunda,0.0,0.0,0.0,2021.0,Dec,7.0,-38.1861465,144.3938752,2,0,1,1,0,3219,St Albans Park,Open,0.0
014ddb,st helens south end playground,51.0,59.0,8.7,2021.0,Dec,7.0,-38.1220226,144.3591414,0,0,6,12,0,3215,Rippleside,Open,0.0
014ddd,smart node 6,0.0,0.0,0.0,2021.0,Dec,7.0,-38.1467049,144.3683997,18,5,10,20,18,3220,Geelong,Open,0.0
hawk-013a51,Myer South side,0.0,0.0,0.0,2021.0,Dec,7.0,-38.14762,144.3622749,19,7,12,20,20,3218,Geelong,Open,0.0
meraki-e0-cb-bc-35-b3-27,Malop Street,31.2,67.6,6.2,2021.0,Dec,7.0,-38.14768,144.361951,20,8,12,20,20,3218,Geelong,Open,0.0
meraki-e0-cb-bc-35-be-84,Lt Malop Central,31.2,67.6,6.2,2021.0,Dec,7.0,-38.148573,144.361279,19,9,14,20,20,3218,Geelong CBD,Open,0.0
hawk-013a21,155 Mercer Foyer,16.0,18.0,4.0,2021.0,Dec,7.0,-38.1458692,144.3581138,19,8,16,20,20,3218,Geelong,Open,0.0
014d9b,smart node 7,120.0,118.0,13.9,2021.0,Dec,7.0,-38.1469338,144.3711246,17,4,6,20,16,3220,Geelong,Open,2.0
014d9e,Botanical Gardens - conservatory entrance,0.0,0.0,0.0,2021.0,Dec,7.0,-38.1494367,144.3774611,16,0,2,20,3,3219,East Geelong,Open,0.0
014dbe,St Albans reserve rotunda,31.0,0.0,0.0,2021.0,Dec,7.0,-38.1861465,144.3938752,2,0,1,1,0,3219,St Albans Park,Open,0.0
014de5,smart node 2,0.0,0.0,0.0,2021.0,Dec,7.0,-38.1430798,144.361831,20,8,13,20,20,3220,Cunningham Pier,Open,0.0
hawk-013a33,Ryrie/Moorabool Outside,43.0,127.0,10.0,2021.0,Dec,7.0,-38.1489155,144.3584489,19,10,19,20,20,3218,Geelong CBD,Open,0.0
meraki-e0-cb-bc-35-bb-14,Waterfront - Pier,31.2,67.6,6.2,2021.0,Dec,7.0,-38.143364,144.361926,20,8,13,20,20,3220,Cunningham Pier,Open,0.0
meraki-e0-cb-bc-35-bd-d3,City Hall,31.2,67.6,6.2,2021.0,Dec,7.0,-38.147158,144.358161,20,9,14,20,20,3218,Geelong,Open,0.0
meraki-e0-cb-bc-35-be-84,Lt Malop Central,31.2,67.6,6.2,2021.0,Dec,7.0,-38.148573,144.361279,19,9,14,20,20,3218,Geelong CBD,Open,0.0
014d9b,smart node 7,91.0,292.0,13.3,2021.0,Dec,7.0,-38.1469338,144.3711246,17,4,6,20,16,3220,Geelong,Open,2.0
014da2,Rippleside Park,31.0,26.0,11.0,2021.0,Dec,7.0,-38.11494912,144.6725659,0,0,0,1,0,3223,Geelong CBD,Open,0.0
014dbe,St Albans reserve rotunda,6.0,0.0,0.0,2021.0,Dec,7.0,-38.1861465,144.3938752,2,0,1,1,0,3219,St Albans Park,Open,0.0
014de9,"High Street , Belmont wifi/cctv cabinet",308.0,954.0,10.8,2021.0,Dec,7.0,-38.1746141,144.3430678,0,3,8,20,2,3216,Belmont,Open,2.0
hawk-013a21,155 Mercer Foyer,12.0,26.0,10.3,2021.0,Dec,7.0,-38.1458692,144.3581138,19,8,16,20,20,3218,Geelong,Open,0.0
hawk-013a51,Myer South side,82.0,130.0,15.0,2021.0,Dec,7.0,-38.14762,144.3622749,19,7,12,20,20,3218,Geelong,Open,0.0
meraki-e0-cb-bc-35-b1-39,Waterfront - Steampacket,31.2,67.6,6.2,2021.0,Dec,7.0,-38.143849,144.362906,19,7,17,20,19,3220,Geelong,Open,0.0
meraki-e0-cb-bc-35-bb-14,Waterfront - Pier,31.2,67.6,6.2,2021.0,Dec,7.0,-38.143364,144.361926,20,8,13,20,20,3220,Cunningham Pier,Open,0.0
meraki-e0-cb-bc-35-bb-14,Waterfront - Pier,31.2,67.6,6.2,2021.0,Dec,7.0,-38.143364,144.361926,20,8,13,20,20,3220,Cunningham Pier,Open,0.0
meraki-e0-cb-bc-35-be-84,Lt Malop Central,31.2,67.6,6.2,2021.0,Dec,7.0,-38.148573,144.361279,19,9,14,20,20,3218,Geelong CBD,Open,0.0
014d98,Barwon Valley Activity Centre - South Car Park entrance,75.0,168.0,16.8,2021.0,Dec,7.0,-38.1691458,144.3511856,0,3,20,20,2,3216,Belmont,Open,2.0
014d9e,Botanical Gardens - conservatory entrance,0.0,0.0,0.0,2021.0,Dec,7.0,-38.1494367,144.3774611,16,0,2,20,3,3219,East Geelong,Open,0.0
014da2,Rippleside Park,0.0,0.0,0.0,2021.0,Dec,7.0,-38.11494912,144.6725659,0,0,0,1,0,3223,Geelong CBD,Open,0.0
014de5,smart node 2,0.0,0.0,0.0,2021.0,Dec,7.0,-38.1430798,144.361831,20,8,13,20,20,3220,Cunningham Pier,Open,0.0
014de9,"High Street , Belmont wifi/cctv cabinet",291.0,688.0,19.5,2021.0,Dec,7.0,-38.1746141,144.3430678,0,3,8,20,2,3216,Belmont,Open,2.0
hawk-013a1f,Botanical Gardens - Heritage gate,1.0,1.0,1.0,2021.0,Dec,7.0,-38.1493122,144.3770579,13,0,3,20,6,3219,East Geelong,Open,0.0
hawk-013a21,155 Mercer Foyer,6.0,1.0,1.0,2021.0,Dec,7.0,-38.1458692,144.3581138,19,8,16,20,20,3218,Geelong,Open,0.0
hawk-013a33,Ryrie/Moorabool Outside,30.0,65.0,9.8,2021.0,Dec,7.0,-38.1489155,144.3584489,19,10,19,20,20,3218,Geelong CBD,Open,0.0
hawk-013a4f,City Hall,94.0,178.0,13.5,2021.0,Dec,7.0,-38.1474393,144.3576924,20,9,14,20,20,3218,Geelong CBD,Open,2.0
014d9b,smart node 7,119.0,259.0,13.1,2021.0,Dec,7.0,-38.1469338,144.3711246,17,4,6,20,16,3220,Geelong,Open,2.0
014d9e,Botanical Gardens - conservatory entrance,0.0,0.0,0.0,2021.0,Dec,7.0,-38.1494367,144.3774611,16,0,2,20,3,3219,East Geelong,Open,0.0
014da2,Rippleside Park,0.0,0.0,0.0,2021.0,Dec,7.0,-38.11494912,144.6725659,0,0,0,1,0,3223,Geelong CBD,Open,0.0
014db4,rippleside north end near gym,25.0,49.0,12.4,2021.0,Dec,7.0,-38.1274401,144.3549584,0,0,8,16,3,3215,Rippleside,Open,0.0
014dbe,St Albans reserve rotunda,0.0,0.0,0.0,2021.0,Dec,7.0,-38.1861465,144.3938752,2,0,1,1,0,3219,St Albans Park,Open,0.0
014dc6,Little Malop and James - CCTV/wifi cabinet,237.0,726.0,11.3,2021.0,Dec,7.0,-38.1479277,144.3588385,20,10,14,20,20,3218,Geelong,Open,2.0
014ddb,st helens south end playground,71.0,156.0,12.3,2021.0,Dec,7.0,-38.1220226,144.3591414,0,0,6,12,0,3215,Rippleside,Open,2.0
014ddd,smart node 6,0.0,0.0,0.0,2021.0,Dec,7.0,-38.1467049,144.3683997,18,5,10,20,18,3220,Geelong,Open,0.0
014de5,smart node 2,0.0,0.0,0.0,2021.0,Dec,7.0,-38.1430798,144.361831,20,8,13,20,20,3220,Cunningham Pier,Open,0.0
hawk-013a20,Busport Project office,3.0,8.0,5.0,2021.0,Dec,7.0,-38.1447631,144.3595969,20,9,17,20,20,3218,Geelong,Open,0.0
hawk-013a33,Ryrie/Moorabool Outside,48.0,118.0,10.4,2021.0,Dec,7.0,-38.1489155,144.3584489,19,10,19,20,20,3218,Geelong CBD,Open,2.0
hawk-013a51,Myer South side,93.0,139.0,17.5,2021.0,Dec,7.0,-38.14762,144.3622749,19,7,12,20,20,3218,Geelong,Open,2.0
meraki-e0-cb-bc-35-ae-29,Lt Malop West,31.2,67.6,6.2,2021.0,Dec,7.0,-38.147929,144.358854,19,10,14,20,20,3218,Geelong,Open,0.0
meraki-e0-cb-bc-35-b1-1a,Eastern Beach,31.2,67.6,6.2,2021.0,Dec,7.0,-38.147308,144.373781,13,2,6,20,16,3220,Geelong,Open,0.0
meraki-e0-cb-bc-35-bb-14,Waterfront - Pier,31.2,67.6,6.2,2021.0,Dec,7.0,-38.143364,144.361926,20,8,13,20,20,3220,Cunningham Pier,Open,0.0
meraki-e0-cb-bc-35-bd-d3,City Hall,31.2,67.6,6.2,2021.0,Dec,7.0,-38.147158,144.358161,20,9,14,20,20,3218,Geelong,Open,0.0
014d98,Barwon Valley Activity Centre - South Car Park entrance,74.0,215.0,12.5,2021.0,Dec,7.0,-38.1691458,144.3511856,0,3,20,20,2,3216,Belmont,Open,2.0
hawk-013a20,Busport Project office,5.0,9.0,5.0,2021.0,Dec,7.0,-38.1447631,144.3595969,20,9,17,20,20,3218,Geelong,Open,0.0
hawk-013a4f,City Hall,80.0,162.0,18.1,2021.0,Dec,7.0,-38.1474393,144.3576924,20,9,14,20,20,3218,Geelong CBD,Open,2.0
hawk-013a51,Myer South side,76.0,136.0,17.5,2021.0,Dec,7.0,-38.14762,144.3622749,19,7,12,20,20,3218,Geelong,Open,2.0
meraki-e0-cb-bc-35-b1-1a,Eastern Beach,31.2,67.6,6.2,2021.0,Dec,7.0,-38.147308,144.373781,13,2,6,20,16,3220,Geelong,Open,0.0
014d9e,Botanical Gardens - conservatory entrance,0.0,0.0,0.0,2021.0,Dec,7.0,-38.1494367,144.3774611,16,0,2,20,3,3219,East Geelong,Open,0.0
014db4,rippleside north end near gym,17.0,47.0,16.0,2021.0,Dec,7.0,-38.1274401,144.3549584,0,0,8,16,3,3215,Rippleside,Open,1.0
014dc6,Little Malop and James - CCTV/wifi cabinet,241.0,537.0,11.5,2021.0,Dec,7.0,-38.1479277,144.3588385,20,10,14,20,20,3218,Geelong,Open,2.0
014ddd,smart node 6,0.0,0.0,0.0,2021.0,Dec,7.0,-38.1467049,144.3683997,18,5,10,20,18,3220,Geelong,Open,0.0
hawk-013a1f,Botanical Gardens - Heritage gate,8.0,15.0,4.1,2021.0,Dec,7.0,-38.1493122,144.3770579,13,0,3,20,6,3219,East Geelong,Open,0.0
hawk-013a4f,City Hall,72.0,120.0,18.7,2021.0,Dec,7.0,-38.1474393,144.3576924,20,9,14,20,20,3218,Geelong CBD,Open,0.0
meraki-e0-cb-bc-35-b1-1a,Eastern Beach,31.2,67.6,6.2,2021.0,Dec,7.0,-38.147308,144.373781,13,2,6,20,16,3220,Geelong,Open,0.0
014d9b,smart node 7,58.0,95.0,13.2,2021.0,Dec,7.0,-38.1469338,144.3711246,17,4,6,20,16,3220,Geelong,Open,2.0
014d9e,Botanical Gardens - conservatory entrance,0.0,0.0,0.0,2021.0,Dec,7.0,-38.1494367,144.3774611,16,0,2,20,3,3219,East Geelong,Open,0.0
014da2,Rippleside Park,20.0,30.0,12.0,2021.0,Dec,7.0,-38.11494912,144.6725659,0,0,0,1,0,3223,Geelong CBD,Open,1.0
014dc6,Little Malop and James - CCTV/wifi cabinet,346.0,818.0,10.2,2021.0,Dec,7.0,-38.1479277,144.3588385,20,10,14,20,20,3218,Geelong,Open,2.0
014ddd,smart node 6,0.0,0.0,0.0,2021.0,Dec,7.0,-38.1467049,144.3683997,18,5,10,20,18,3220,Geelong,Open,0.0
014de9,"High Street , Belmont wifi/cctv cabinet",261.0,644.0,10.4,2021.0,Dec,7.0,-38.1746141,144.3430678,0,3,8,20,2,3216,Belmont,Open,2.0
hawk-013a20,Busport Project office,9.0,23.0,4.2,2021.0,Dec,7.0,-38.1447631,144.3595969,20,9,17,20,20,3218,Geelong,Open,0.0
hawk-013a33,Ryrie/Moorabool Outside,35.0,89.0,10.5,2021.0,Dec,7.0,-38.1489155,144.3584489,19,10,19,20,20,3218,Geelong CBD,Open,0.0
meraki-e0-cb-bc-35-ae-29,Lt Malop West,31.2,67.6,6.2,2021.0,Dec,7.0,-38.147929,144.358854,19,10,14,20,20,3218,Geelong,Open,0.0
014d9b,smart node 7,0.0,0.0,0.0,2021.0,Dec,7.0,-38.1469338,144.3711246,17,4,6,20,16,3220,Geelong,Open,0.0
014d9e,Botanical Gardens - conservatory entrance,0.0,0.0,0.0,2021.0,Dec,7.0,-38.1494367,144.3774611,16,0,2,20,3,3219,East Geelong,Open,0.0
014dc6,Little Malop and James - CCTV/wifi cabinet,276.0,566.0,18.2,2021.0,Dec,7.0,-38.1479277,144.3588385,20,10,14,20,20,3218,Geelong,Open,2.0
hawk-013a4f,City Hall,101.0,179.0,11.8,2021.0,Dec,7.0,-38.1474393,144.3576924,20,9,14,20,20,3218,Geelong CBD,Open,2.0
014d98,Barwon Valley Activity Centre - South Car Park entrance,112.0,200.0,13.0,2021.0,Dec,7.0,-38.1691458,144.3511856,0,3,20,20,2,3216,Belmont,Open,2.0
014db4,rippleside north end near gym,50.0,94.0,17.6,2021.0,Dec,7.0,-38.1274401,144.3549584,0,0,8,16,3,3215,Rippleside,Open,2.0
014dc6,Little Malop and James - CCTV/wifi cabinet,142.0,227.0,13.8,2021.0,Dec,7.0,-38.1479277,144.3588385,20,10,14,20,20,3218,Geelong,Open,2.0
014ddd,smart node 6,0.0,0.0,0.0,2021.0,Dec,7.0,-38.1467049,144.3683997,18,5,10,20,18,3220,Geelong,Open,0.0
hawk-013a1f,Botanical Gardens - Heritage gate,2.0,2.0,0.8,2021.0,Dec,7.0,-38.1493122,144.3770579,13,0,3,20,6,3219,East Geelong,Open,0.0
hawk-013a20,Busport Project office,7.0,20.0,8.8,2021.0,Dec,7.0,-38.1447631,144.3595969,20,9,17,20,20,3218,Geelong,Open,0.0
hawk-013a21,155 Mercer Foyer,15.0,28.0,8.1,2021.0,Dec,7.0,-38.1458692,144.3581138,19,8,16,20,20,3218,Geelong,Open,0.0
hawk-013a4f,City Hall,72.0,144.0,17.5,2021.0,Dec,7.0,-38.1474393,144.3576924,20,9,14,20,20,3218,Geelong CBD,Open,2.0
hawk-013a51,Myer South side,53.0,94.0,12.5,2021.0,Dec,7.0,-38.14762,144.3622749,19,7,12,20,20,3218,Geelong,Open,0.0
meraki-e0-cb-bc-35-b1-1a,Eastern Beach,31.2,67.6,6.2,2021.0,Dec,7.0,-38.147308,144.373781,13,2,6,20,16,3220,Geelong,Open,0.0
meraki-e0-cb-bc-35-b1-39,Waterfront - Steampacket,31.2,67.6,6.2,2021.0,Dec,7.0,-38.143849,144.362906,19,7,17,20,19,3220,Geelong,Open,0.0
meraki-e0-cb-bc-35-b3-27,Malop Street,31.2,67.6,6.2,2021.0,Dec,7.0,-38.14768,144.361951,20,8,12,20,20,3218,Geelong,Open,0.0
meraki-e0-cb-bc-35-bd-d3,City Hall,31.2,67.6,6.2,2021.0,Dec,7.0,-38.147158,144.358161,20,9,14,20,20,3218,Geelong,Open,0.0
014d98,Barwon Valley Activity Centre - South Car Park entrance,61.0,130.0,15.1,2021.0,Dec,7.0,-38.1691458,144.3511856,0,3,20,20,2,3216,Belmont,Open,2.0
014db4,rippleside north end near gym,52.0,31.0,6.4,2021.0,Dec,7.0,-38.1274401,144.3549584,0,0,8,16,3,3215,Rippleside,Open,2.0
014dbe,St Albans reserve rotunda,61.0,92.0,11.3,2021.0,Dec,7.0,-38.1861465,144.3938752,2,0,1,1,0,3219,St Albans Park,Open,2.0
014ddb,st helens south end playground,42.0,97.0,9.5,2021.0,Dec,7.0,-38.1220226,144.3591414,0,0,6,12,0,3215,Rippleside,Open,2.0
014ddd,smart node 6,0.0,0.0,0.0,2021.0,Dec,7.0,-38.1467049,144.3683997,18,5,10,20,18,3220,Geelong,Open,0.0
014de5,smart node 2,0.0,0.0,0.0,2021.0,Dec,7.0,-38.1430798,144.361831,20,8,13,20,20,3220,Cunningham Pier,Open,0.0
hawk-013a20,Busport Project office,19.0,38.0,5.3,2021.0,Dec,7.0,-38.1447631,144.3595969,20,9,17,20,20,3218,Geelong,Open,0.0
hawk-013a21,155 Mercer Foyer,11.0,19.0,6.4,2021.0,Dec,7.0,-38.1458692,144.3581138,19,8,16,20,20,3218,Geelong,Open,0.0
hawk-013a33,Ryrie/Moorabool Outside,27.0,55.0,7.9,2021.0,Dec,7.0,-38.1489155,144.3584489,19,10,19,20,20,3218,Geelong CBD,Open,0.0
hawk-013a51,Myer South side,0.0,0.0,0.0,2021.0,Dec,7.0,-38.14762,144.3622749,19,7,12,20,20,3218,Geelong,Open,0.0
meraki-e0-cb-bc-35-b1-39,Waterfront - Steampacket,31.2,67.6,6.2,2021.0,Dec,7.0,-38.143849,144.362906,19,7,17,20,19,3220,Geelong,Open,0.0
014d98,Barwon Valley Activity Centre - South Car Park entrance,69.0,124.0,15.3,2021.0,Dec,7.0,-38.1691458,144.3511856,0,3,20,20,2,3216,Belmont,Open,2.0
014ddb,st helens south end playground,57.0,136.0,8.5,2021.0,Dec,7.0,-38.1220226,144.3591414,0,0,6,12,0,3215,Rippleside,Open,2.0
hawk-013a1f,Botanical Gardens - Heritage gate,0.0,1.0,1.0,2021.0,Dec,7.0,-38.1493122,144.3770579,13,0,3,20,6,3219,East Geelong,Open,0.0
hawk-013a21,155 Mercer Foyer,15.0,22.0,14.5,2021.0,Dec,7.0,-38.1458692,144.3581138,19,8,16,20,20,3218,Geelong,Open,0.0
hawk-013a51,Myer South side,95.0,127.0,35.0,2021.0,Dec,7.0,-38.14762,144.3622749,19,7,12,20,20,3218,Geelong,Open,2.0
meraki-e0-cb-bc-35-b1-1a,Eastern Beach,31.2,67.6,6.2,2021.0,Dec,7.0,-38.147308,144.373781,13,2,6,20,16,3220,Geelong,Open,0.0
meraki-e0-cb-bc-35-b3-27,Malop Street,31.2,67.6,6.2,2021.0,Dec,7.0,-38.14768,144.361951,20,8,12,20,20,3218,Geelong,Open,0.0
014d9b,smart node 7,63.0,0.0,0.0,2021.0,Dec,7.0,-38.1469338,144.3711246,17,4,6,20,16,3220,Geelong,Open,0.0
014d9e,Botanical Gardens - conservatory entrance,0.0,0.0,0.0,2021.0,Dec,7.0,-38.1494367,144.3774611,16,0,2,20,3,3219,East Geelong,Open,0.0
014da2,Rippleside Park,35.0,94.0,14.5,2021.0,Dec,7.0,-38.11494912,144.6725659,0,0,0,1,0,3223,Geelong CBD,Open,2.0
014ddb,st helens south end playground,39.0,74.0,8.6,2021.0,Dec,7.0,-38.1220226,144.3591414,0,0,6,12,0,3215,Rippleside,Open,0.0
014de5,smart node 2,0.0,0.0,0.0,2021.0,Dec,7.0,-38.1430798,144.361831,20,8,13,20,20,3220,Cunningham Pier,Open,0.0
meraki-e0-cb-bc-35-ae-29,Lt Malop West,31.2,67.6,6.2,2021.0,Dec,7.0,-38.147929,144.358854,19,10,14,20,20,3218,Geelong,Open,0.0
meraki-e0-cb-bc-35-bd-d3,City Hall,31.2,67.6,6.2,2021.0,Dec,7.0,-38.147158,144.358161,20,9,14,20,20,3218,Geelong,Open,0.0
014db4,rippleside north end near gym,95.0,178.0,16.0,2021.0,Dec,7.0,-38.1274401,144.3549584,0,0,8,16,3,3215,Rippleside,Open,2.0
014dc6,Little Malop and James - CCTV/wifi cabinet,255.0,331.0,13.7,2021.0,Dec,7.0,-38.1479277,144.3588385,20,10,14,20,20,3218,Geelong,Open,2.0
hawk-013a20,Busport Project office,4.0,8.0,3.0,2021.0,Dec,7.0,-38.1447631,144.3595969,20,9,17,20,20,3218,Geelong,Open,0.0
014d98,Barwon Valley Activity Centre - South Car Park entrance,85.0,226.0,10.4,2021.0,Dec,7.0,-38.1691458,144.3511856,0,3,20,20,2,3216,Belmont,Open,1.0
014de9,"High Street , Belmont wifi/cctv cabinet",324.0,673.0,14.0,2021.0,Dec,7.0,-38.1746141,144.3430678,0,3,8,20,2,3216,Belmont,Open,2.0
hawk-013a1f,Botanical Gardens - Heritage gate,6.0,15.0,3.3,2021.0,Dec,7.0,-38.1493122,144.3770579,13,0,3,20,6,3219,East Geelong,Open,0.0
hawk-013a4f,City Hall,93.0,251.0,11.8,2021.0,Dec,7.0,-38.1474393,144.3576924,20,9,14,20,20,3218,Geelong CBD,Open,0.0
meraki-e0-cb-bc-35-b1-39,Waterfront - Steampacket,31.2,67.6,6.2,2021.0,Dec,7.0,-38.143849,144.362906,19,7,17,20,19,3220,Geelong,Open,0.0
014da2,Rippleside Park,7.0,13.0,10.0,2021.0,Dec,7.0,-38.11494912,144.6725659,0,0,0,1,0,3223,Geelong CBD,Open,2.0
014db4,rippleside north end near gym,127.0,174.0,12.4,2021.0,Dec,7.0,-38.1274401,144.3549584,0,0,8,16,3,3215,Rippleside,Open,1.0
014dc6,Little Malop and James - CCTV/wifi cabinet,326.0,804.0,12.0,2021.0,Dec,7.0,-38.1479277,144.3588385,20,10,14,20,20,3218,Geelong,Open,2.0
014ddb,st helens south end playground,59.0,146.0,15.4,2021.0,Dec,7.0,-38.1220226,144.3591414,0,0,6,12,0,3215,Rippleside,Open,2.0
014ddd,smart node 6,0.0,0.0,0.0,2021.0,Dec,7.0,-38.1467049,144.3683997,18,5,10,20,18,3220,Geelong,Open,0.0
014de9,"High Street , Belmont wifi/cctv cabinet",343.0,1075.0,12.7,2021.0,Dec,7.0,-38.1746141,144.3430678,0,3,8,20,2,3216,Belmont,Open,2.0
hawk-013a1f,Botanical Gardens - Heritage gate,7.0,12.0,13.7,2021.0,Dec,7.0,-38.1493122,144.3770579,13,0,3,20,6,3219,East Geelong,Open,0.0
hawk-013a21,155 Mercer Foyer,25.0,29.0,8.6,2021.0,Dec,7.0,-38.1458692,144.3581138,19,8,16,20,20,3218,Geelong,Open,0.0
meraki-e0-cb-bc-35-ae-29,Lt Malop West,31.2,67.6,6.2,2021.0,Dec,7.0,-38.147929,144.358854,19,10,14,20,20,3218,Geelong,Open,0.0
meraki-e0-cb-bc-35-b1-39,Waterfront - Steampacket,31.2,67.6,6.2,2021.0,Dec,7.0,-38.143849,144.362906,19,7,17,20,19,3220,Geelong,Open,0.0
meraki-e0-cb-bc-35-b3-27,Malop Street,31.2,67.6,6.2,2021.0,Dec,7.0,-38.14768,144.361951,20,8,12,20,20,3218,Geelong,Open,0.0
014d98,Barwon Valley Activity Centre - South Car Park entrance,100.0,255.0,10.9,2021.0,Dec,7.0,-38.1691458,144.3511856,0,3,20,20,2,3216,Belmont,Open,2.0
014ddb,st helens south end playground,58.0,80.0,8.4,2021.0,Dec,7.0,-38.1220226,144.3591414,0,0,6,12,0,3215,Rippleside,Open,0.0
014de5,smart node 2,0.0,0.0,0.0,2021.0,Dec,7.0,-38.1430798,144.361831,20,8,13,20,20,3220,Cunningham Pier,Open,0.0
hawk-013a20,Busport Project office,4.0,11.0,3.8,2021.0,Dec,7.0,-38.1447631,144.3595969,20,9,17,20,20,3218,Geelong,Open,0.0
hawk-013a33,Ryrie/Moorabool Outside,57.0,134.0,12.2,2021.0,Dec,7.0,-38.1489155,144.3584489,19,10,19,20,20,3218,Geelong CBD,Open,0.0
meraki-e0-cb-bc-35-ae-29,Lt Malop West,31.2,67.6,6.2,2021.0,Dec,7.0,-38.147929,144.358854,19,10,14,20,20,3218,Geelong,Open,0.0
meraki-e0-cb-bc-35-b3-27,Malop Street,31.2,67.6,6.2,2021.0,Dec,7.0,-38.14768,144.361951,20,8,12,20,20,3218,Geelong,Open,0.0
meraki-e0-cb-bc-35-bd-d3,City Hall,31.2,67.6,6.2,2021.0,Dec,7.0,-38.147158,144.358161,20,9,14,20,20,3218,Geelong,Open,0.0
meraki-e0-cb-bc-35-be-84,Lt Malop Central,31.2,67.6,6.2,2021.0,Dec,7.0,-38.148573,144.361279,19,9,14,20,20,3218,Geelong CBD,Open,0.0
014db4,rippleside north end near gym,29.0,57.0,18.0,2021.0,Dec,7.0,-38.1274401,144.3549584,0,0,8,16,3,3215,Rippleside,Open,0.0
014dbe,St Albans reserve rotunda,0.0,0.0,0.0,2021.0,Dec,7.0,-38.1861465,144.3938752,2,0,1,1,0,3219,St Albans Park,Open,0.0
014de5,smart node 2,0.0,0.0,0.0,2021.0,Dec,7.0,-38.1430798,144.361831,20,8,13,20,20,3220,Cunningham Pier,Open,0.0
hawk-013a4f,City Hall,74.0,139.0,15.0,2021.0,Dec,7.0,-38.1474393,144.3576924,20,9,14,20,20,3218,Geelong CBD,Open,0.0
meraki-e0-cb-bc-35-b1-39,Waterfront - Steampacket,31.2,67.6,6.2,2021.0,Dec,7.0,-38.143849,144.362906,19,7,17,20,19,3220,Geelong,Open,0.0
meraki-e0-cb-bc-35-bb-14,Waterfront - Pier,31.2,67.6,6.2,2021.0,Dec,7.0,-38.143364,144.361926,20,8,13,20,20,3220,Cunningham Pier,Open,0.0
meraki-e0-cb-bc-35-bd-d3,City Hall,31.2,67.6,6.2,2021.0,Dec,7.0,-38.147158,144.358161,20,9,14,20,20,3218,Geelong,Open,0.0
meraki-e0-cb-bc-35-be-84,Lt Malop Central,31.2,67.6,6.2,2021.0,Dec,7.0,-38.148573,144.361279,19,9,14,20,20,3218,Geelong CBD,Open,0.0
014da2,Rippleside Park,35.0,44.0,17.0,2021.0,Dec,7.0,-38.11494912,144.6725659,0,0,0,1,0,3223,Geelong CBD,Open,1.0
014de9,"High Street , Belmont wifi/cctv cabinet",297.0,795.0,12.2,2021.0,Dec,7.0,-38.1746141,144.3430678,0,3,8,20,2,3216,Belmont,Open,2.0
hawk-013a1f,Botanical Gardens - Heritage gate,2.0,5.0,3.8,2021.0,Dec,7.0,-38.1493122,144.3770579,13,0,3,20,6,3219,East Geelong,Open,0.0
meraki-e0-cb-bc-35-ae-29,Lt Malop West,31.2,67.6,6.2,2021.0,Dec,7.0,-38.147929,144.358854,19,10,14,20,20,3218,Geelong,Open,0.0
meraki-e0-cb-bc-35-b1-1a,Eastern Beach,31.2,67.6,6.2,2021.0,Dec,7.0,-38.147308,144.373781,13,2,6,20,16,3220,Geelong,Open,0.0
meraki-e0-cb-bc-35-b3-27,Malop Street,31.2,67.6,6.2,2021.0,Dec,7.0,-38.14768,144.361951,20,8,12,20,20,3218,Geelong,Open,0.0
meraki-e0-cb-bc-35-bb-14,Waterfront - Pier,31.2,67.6,6.2,2021.0,Dec,7.0,-38.143364,144.361926,20,8,13,20,20,3220,Cunningham Pier,Open,0.0
meraki-e0-cb-bc-35-bd-d3,City Hall,31.2,67.6,6.2,2021.0,Dec,7.0,-38.147158,144.358161,20,9,14,20,20,3218,Geelong,Open,0.0
meraki-e0-cb-bc-35-be-84,Lt Malop Central,31.2,67.6,6.2,2021.0,Dec,7.0,-38.148573,144.361279,19,9,14,20,20,3218,Geelong CBD,Open,0.0
014dbe,St Albans reserve rotunda,0.0,0.0,0.0,2021.0,Dec,7.0,-38.1861465,144.3938752,2,0,1,1,0,3219,St Albans Park,Open,0.0
014de9,"High Street , Belmont wifi/cctv cabinet",202.0,494.0,13.9,2021.0,Dec,7.0,-38.1746141,144.3430678,0,3,8,20,2,3216,Belmont,Open,2.0
hawk-013a33,Ryrie/Moorabool Outside,33.0,45.0,9.2,2021.0,Dec,7.0,-38.1489155,144.3584489,19,10,19,20,20,3218,Geelong CBD,Open,0.0
meraki-e0-cb-bc-35-ae-29,Lt Malop West,31.2,67.6,6.2,2021.0,Dec,7.0,-38.147929,144.358854,19,10,14,20,20,3218,Geelong,Open,0.0
meraki-e0-cb-bc-35-bb-14,Waterfront - Pier,31.2,67.6,6.2,2021.0,Dec,7.0,-38.143364,144.361926,20,8,13,20,20,3220,Cunningham Pier,Open,0.0
